Carole,Slainey,9566849433,Realbuzz,cslainey2@google.pl,28/09/1964,15/07/2021,07/01/2023
Care,Wimbury,4338519874,Mynte,cwimbury3e@storify.com,20/04/1965,08/09/2022,
Carroll,Reboulet,5344324978,Twitterworks,creboulet90@ed.gov,03/05/1969,24/05/2021,11/01/2023
Carmine,Angliss,4055828037,Kaymbo,cangliss95@usgs.gov,02/09/1960,01/09/2022,06/01/2023
Cari,Lenox,4812792555,Fivechat,clenoxak@pen.io,03/12/1959,27/02/2022,
Carlyn,Huortic,2726684766,Tagopia,chuorticd7@mapy.cz,19/04/1987,19/01/2021,09/01/2023
Caron,Berget,4712200650,Vidoo,cbergete8@wikipedia.org,30/01/1984,10/04/2022,09/01/2023
Carson,Bickersteth,7175968062,Youtags,cbickerstethla@admin.ch,27/08/1955,01/05/2022,
Carlene,Zecchinelli,5368094849,Kwimbee,czecchinellimm@about.me,04/01/1981,10/05/2021,08/01/2023
Carolyn,Snoad,8355824424,Zoonder,csnoadmx@ft.com,08/10/1961,28/05/2021,
