first_name,last_name,phone,company,email,birthday,last_contact,next_contact
Starr,Permain,5668324236,Fliptune,spermain0@t.co,04/01/1955,28/10/2022,09/01/2023
Justin,Flacke,2201684830,Twitternation,jflacke1@mozilla.org,03/09/1952,07/02/2021,08/01/2023
Carole,Slainey,9566849433,Realbuzz,cslainey2@google.pl,28/09/1964,15/07/2021,07/01/2023
Kendal,Odegaard,3197999940,Rhyloo,kodegaard3@dailymotion.com,23/07/1974,12/10/2020,08/01/2023
Eli,Angelo,7119897078,Fanoodle,eangelo4@tripod.com,08/05/1968,05/10/2021,
Darb,Worboys,9581948213,Riffpedia,dworboys5@woothemes.com,05/12/1969,14/02/2021,06/01/2023
Norean,Mellows,3028055422,Quire,nmellows6@ezinearticles.com,25/08/1959,14/03/2021,10/01/2023
Dianne,Landrean,5743103130,Mudo,dlandrean7@dell.com,22/02/1987,27/04/2022,07/01/2023
Alberto,Weatherburn,9347873672,Bubblebox,aweatherburn8@japanpost.jp,24/05/1969,17/06/2020,11/01/2023
Kissee,Patek,3747565353,Zoomzone,kpatek9@live.com,16/06/1973,17/08/2022,07/01/2023
Kiley,Sansome,5579421270,Innotype,ksansomea@bloglovin.com,22/01/1969,04/07/2022,10/01/2023
Rosalind,Stronack,6759000470,Kanoodle,rstronackb@ow.ly,12/04/1957,30/04/2020,
Sigismond,Giottoi,7217651755,Mydeo,sgiottoic@hp.com,25/08/1962,26/08/2020,09/01/2023
Harvey,Cardoso,2973859612,Zoonoodle,hcardosod@mlb.com,05/07/1984,11/01/2020,08/01/2023
Rourke,Ferryman,4918897317,Zoozzy,rferrymane@tumblr.com,01/10/1976,19/06/2022,10/01/2023
Marlane,Woodage,2804698941,Fliptune,mwoodagef@tripadvisor.com,05/05/1985,28/05/2020,11/01/2023
Bertie,Georghiou,5924096373,Feedfire,bgeorghioug@un.org,28/02/1979,30/01/2021,09/01/2023
Amil,Clardge,6155991808,Camimbo,aclardgeh@earthlink.net,22/06/1978,01/05/2022,08/01/2023
Hulda,Kike,4122062969,Twinder,hkikei@mediafire.com,03/12/1956,06/12/2020,
Lynnea,Buterton,5648904680,Kwimbee,lbutertonj@privacy.gov.au,14/07/1988,18/04/2022,06/01/2023
Marius,Leimster,4242702546,Shufflester,mleimsterk@blogger.com,02/03/1964,23/03/2022,07/01/2023
Kessiah,Schirok,4571360106,Tavu,kschirokl@forbes.com,17/04/1971,15/02/2021,09/01/2023
Anthony,Hadigate,8736463818,Riffpedia,ahadigatem@mediafire.com,23/05/1952,03/10/2022,11/01/2023
Jean,Tellesson,6993667544,Quatz,jtellessonn@storify.com,09/02/1967,01/07/2022,10/01/2023
Olivia,Jackalin,8295198255,Skajo,ojackalino@tamu.edu,14/12/1971,,11/01/2023
Paton,Spence,7349186934,Agimba,pspencep@vinaora.com,09/11/1980,20/06/2022,10/01/2023
Donall,MacDougall,4826417216,Thoughtbeat,dmacdougallq@nsw.gov.au,14/09/1963,31/12/2022,
Rosalynd,Rasper,5546277625,Youtags,rrasperr@com.com,16/12/1952,26/01/2021,06/01/2023
Andreas,Andries,6975253679,Eadel,aandriess@ustream.tv,25/01/1970,06/09/2021,
Erena,Binden,1892988294,Rooxo,ebindent@comcast.net,02/04/1979,28/12/2022,
Fabiano,Chess,9381336582,Wikivu,fchessu@sun.com,29/03/1987,02/04/2022,11/01/2023
Dagny,Senn,8316819190,Blogspan,dsennv@timesonline.co.uk,07/09/1956,28/08/2021,09/01/2023
Reamonn,Vanyushkin,3599972894,Mybuzz,rvanyushkinw@netlog.com,26/05/1976,13/05/2021,10/01/2023
Vickie,Gherardini,3906095101,Oyoloo,vgherardinix@senate.gov,29/07/1984,28/02/2022,08/01/2023
Bertha,Lewcock,8144832370,Avavee,blewcocky@zimbio.com,10/09/1989,29/08/2021,06/01/2023
Konstantine,Yeaman,6512407894,Riffwire,kyeamanz@posterous.com,17/11/1954,27/03/2022,10/01/2023
Maible,Oakenfall,5353641199,Yabox,moakenfall10@time.com,25/02/1963,06/02/2021,11/01/2023
Bette,Kennan,4163887382,Rhyloo,bkennan11@webeden.co.uk,30/08/1978,12/05/2020,08/01/2023
Maurene,O'Drought,5058485894,Brainlounge,modrought12@loc.gov,29/10/1958,20/06/2022,06/01/2023
Melisa,Blose,5095974178,Ainyx,mblose13@tripadvisor.com,05/06/1978,05/11/2022,11/01/2023
Sileas,Proughten,6913866416,Trudoo,sproughten14@guardian.co.uk,01/04/1951,24/01/2021,09/01/2023
Gertrudis,Peagram,6148644627,Gabtune,gpeagram15@globo.com,24/11/1961,23/01/2021,09/01/2023
Gasper,Lages,8507374628,Dabtype,glages16@nsw.gov.au,01/07/1954,08/04/2021,07/01/2023
Lauree,Eddis,7605121303,Topiczoom,leddis17@spotify.com,04/08/1957,06/03/2020,06/01/2023
Tara,Gres,9325035271,Rhyloo,tgres18@sourceforge.net,03/05/1962,01/09/2022,06/01/2023
Devy,Delgua,9458905482,Bluezoom,ddelgua19@usgs.gov,01/06/1958,21/06/2020,11/01/2023
Dalt,McKew,8562901881,Jayo,dmckew1a@epa.gov,14/12/1986,30/01/2022,07/01/2023
Fredek,Ketteman,4474066782,Quinu,fketteman1b@zdnet.com,14/11/1964,19/03/2020,10/01/2023
Alejandrina,Musslewhite,4344283207,Oyoba,amusslewhite1c@cnn.com,10/11/1969,10/05/2020,06/01/2023
Fleurette,Mapletoft,7713104539,Gigazoom,fmapletoft1d@tinypic.com,11/09/1978,07/06/2020,06/01/2023
Nonnah,Senescall,5675246219,Jabbercube,nsenescall1e@va.gov,25/02/1965,07/10/2022,10/01/2023
Dalston,Wabersich,5457976544,Topdrive,dwabersich1f@youtube.com,19/11/1984,13/06/2022,08/01/2023
Erna,Beldham,1144684839,Wikizz,ebeldham1g@soup.io,22/08/1989,,09/01/2023
Valentine,July,2716729111,Browsezoom,vjuly1h@yale.edu,08/10/1989,06/04/2020,11/01/2023
Afton,Drabble,4642670880,Oyonder,adrabble1i@state.tx.us,29/05/1970,,08/01/2023
Casi,Adamowitz,4085823427,Tagopia,cadamowitz1j@abc.net.au,15/09/1961,21/01/2021,10/01/2023
Jodi,Sapp,9647080202,Katz,jsapp1k@barnesandnoble.com,27/06/1955,24/01/2022,10/01/2023
Hayes,Gyles,8137296044,Gigazoom,hgyles1l@mit.edu,09/12/1987,12/02/2021,
Alameda,Helliar,3718663166,Flashspan,ahelliar1m@tumblr.com,19/12/1981,12/10/2022,10/01/2023
Wandie,Goodinge,1703283267,Camido,wgoodinge1n@hc360.com,27/01/1975,02/10/2020,
Frederic,Mundee,4954531159,Edgepulse,fmundee1o@webmd.com,22/01/1964,07/03/2022,10/01/2023
Alexandros,Bradick,4185251287,Fivechat,abradick1p@nps.gov,07/02/1986,07/09/2022,11/01/2023
Franklyn,Bagguley,6272713671,Flipopia,fbagguley1q@ycombinator.com,04/04/1983,17/04/2021,07/01/2023
Arty,Frankcomb,5421742702,Rhybox,afrankcomb1r@nba.com,31/07/1978,23/11/2021,06/01/2023
Phil,Nowlan,7439484008,Vinte,pnowlan1s@mlb.com,22/02/1968,27/02/2021,06/01/2023
Sloan,Fould,1897064655,Blogpad,sfould1t@xrea.com,02/05/1951,11/07/2020,06/01/2023
Blaire,Morritt,4275395860,Skaboo,bmorritt1u@nih.gov,02/01/1950,13/07/2020,09/01/2023
Mandel,Carus,9237661772,Mymm,mcarus1v@wordpress.com,05/04/1969,21/09/2020,11/01/2023
Way,Feeham,1505816708,Livetube,wfeeham1w@vkontakte.ru,21/11/1957,21/09/2021,10/01/2023
Bree,Condict,9182981174,Avamba,bcondict1x@abc.net.au,02/12/1963,21/09/2021,
Marius,Le Pine,7545996004,Kwinu,mlepine1y@google.co.uk,02/11/1965,01/12/2021,07/01/2023
Moshe,Fonzone,5883024890,Rhynoodle,mfonzone1z@rediff.com,11/07/1986,26/07/2021,10/01/2023
Isadore,Keymar,2892812601,Shufflester,ikeymar20@rambler.ru,19/08/1982,18/03/2021,06/01/2023
Hamid,Wheway,4215466044,Skimia,hwheway21@illinois.edu,02/08/1975,20/08/2022,06/01/2023
Shelli,Pawel,5554988992,Rhyzio,spawel22@stumbleupon.com,10/11/1971,15/09/2021,11/01/2023
Giffy,Rumbellow,6352777433,Lazzy,grumbellow23@ucoz.ru,19/04/1977,22/02/2021,08/01/2023
Quinlan,Noli,7627799823,Photobug,qnoli24@vkontakte.ru,23/07/1974,30/05/2020,10/01/2023
Hermine,Poad,6013134143,Brightdog,hpoad25@arizona.edu,04/02/1968,21/02/2022,07/01/2023
Morse,Blanche,1496244292,Youspan,mblanche26@360.cn,31/03/1978,15/07/2021,07/01/2023
Lamar,Monnelly,7194868505,Tambee,lmonnelly27@nifty.com,27/06/1961,18/10/2021,11/01/2023
Gratiana,Hunnywell,9703196540,Dabvine,ghunnywell28@studiopress.com,22/12/1967,10/06/2020,06/01/2023
Boycie,Tiffin,1558850726,Jabbercube,btiffin29@cnbc.com,15/08/1989,06/12/2021,07/01/2023
Tuesday,Adamowitz,4511677264,Katz,tadamowitz2a@cbc.ca,08/08/1984,29/10/2022,06/01/2023
Wilek,Haythornthwaite,9382157457,Dabvine,whaythornthwaite2b@geocities.com,10/08/1985,16/01/2020,11/01/2023
Glenda,Preddy,5867087909,Meevee,gpreddy2c@google.pl,31/03/1973,23/10/2021,06/01/2023
Sibbie,Drover,2483860703,Voonder,sdrover2d@fastcompany.com,06/06/1985,20/07/2021,07/01/2023
Orran,Izzett,3041144708,Thoughtbeat,oizzett2e@globo.com,16/01/1953,05/04/2020,10/01/2023
Ross,Dowrey,4795678154,Topicstorm,rdowrey2f@reddit.com,24/06/1973,14/01/2022,07/01/2023
Larry,Swinyard,2475339664,Voomm,lswinyard2g@cmu.edu,14/07/1967,15/04/2021,11/01/2023
Myriam,Pawlaczyk,5841005313,Bubbletube,mpawlaczyk2h@adobe.com,24/06/1975,13/12/2021,07/01/2023
Isabelle,Eccersley,6212619970,Edgepulse,ieccersley2i@nhs.uk,01/08/1952,29/12/2021,07/01/2023
Hillier,Bowater,6792039003,Ntags,hbowater2j@bigcartel.com,16/11/1986,01/05/2020,
Sherlocke,Ebbutt,4768875260,Zava,sebbutt2k@blogs.com,02/05/1966,03/10/2021,09/01/2023
Pearce,Jameson,9879440086,Flashpoint,pjameson2l@prnewswire.com,10/08/1954,10/03/2021,06/01/2023
Adora,Gilluley,3144886124,Dabshots,agilluley2m@oaic.gov.au,08/08/1979,11/02/2020,09/01/2023
Karlee,MacKey,3139096727,Yakijo,kmackey2n@blinklist.com,18/09/1984,29/11/2020,11/01/2023
Lilli,Ewdale,1934418659,Twitterbeat,lewdale2o@icq.com,17/01/1984,08/01/2021,
Marys,Ciotto,3597731869,Rhynoodle,mciotto2p@yale.edu,14/01/1953,19/05/2022,08/01/2023
Conrado,Kobiera,6406078327,Katz,ckobiera2q@mit.edu,19/08/1970,05/08/2022,
Amalea,Gilroy,3223806485,Topdrive,agilroy2r@ucsd.edu,04/02/1977,16/03/2020,07/01/2023
Ruperto,Mantz,5314133645,Jetpulse,rmantz2s@skyrock.com,19/03/1980,04/09/2020,09/01/2023
Bartie,Wadhams,6449853038,Skipfire,bwadhams2t@51.la,04/08/1968,26/01/2022,07/01/2023
Elysha,Gallanders,9824656690,Meevee,egallanders2u@si.edu,16/09/1982,10/11/2020,
Walliw,Klaffs,5205212173,Buzzster,wklaffs2v@fotki.com,09/08/1964,01/02/2022,06/01/2023
Domingo,Edsell,4177888323,Jabberstorm,dedsell2w@bloglovin.com,09/09/1989,27/08/2021,07/01/2023
Bill,Pozzo,4555461353,Twitterwire,bpozzo2x@bluehost.com,22/07/1972,05/02/2022,09/01/2023
Shauna,Sheardown,1972082369,Gigashots,ssheardown2y@hao123.com,22/07/1961,16/06/2020,09/01/2023
Gwyn,Lissandrini,7463452176,Wordware,glissandrini2z@harvard.edu,29/03/1974,22/10/2020,07/01/2023
Truman,Rasp,1967642671,Twitternation,trasp30@github.io,02/07/1952,31/07/2020,
Nettie,Danes,3037826638,Thoughtstorm,ndanes31@freewebs.com,04/05/1972,26/10/2021,
Oralle,McAlinden,1013236350,Devpoint,omcalinden32@163.com,14/07/1981,03/07/2020,09/01/2023
Erina,Hovee,8876525787,Skinte,ehovee33@ebay.com,27/08/1986,17/07/2021,
Olympia,Tidswell,8239344933,Yakidoo,otidswell34@theglobeandmail.com,11/05/1971,21/11/2022,
Modestine,Giorgetti,6398664655,Meejo,mgiorgetti35@tuttocitta.it,15/02/1965,05/02/2022,09/01/2023
Catarina,Denge,2712845754,Kimia,cdenge36@time.com,31/01/1956,21/12/2020,07/01/2023
Hayyim,Ringham,6076300158,Livetube,hringham37@wp.com,02/08/1957,04/09/2022,07/01/2023
Christophe,Checchetelli,2135827584,Nlounge,cchecchetelli38@nsw.gov.au,29/12/1979,18/02/2020,08/01/2023
Edan,Fennelow,4042336025,Skyndu,efennelow39@1688.com,13/04/1953,12/03/2020,06/01/2023
Georgette,McNabb,8117614493,Yakitri,gmcnabb3a@geocities.com,26/09/1968,09/10/2022,06/01/2023
Tuckie,Klausewitz,5485871638,Twitterlist,tklausewitz3b@economist.com,27/10/1956,09/11/2022,
Karena,Lassetter,1233763933,Brightdog,klassetter3c@yolasite.com,08/10/1959,29/04/2022,08/01/2023
Sadella,Pohlke,4721067532,Jamia,spohlke3d@mayoclinic.com,13/01/1981,09/10/2020,
Care,Wimbury,4338519874,Mynte,cwimbury3e@storify.com,20/04/1965,08/09/2022,
Hyacinthie,Terrelly,1339461503,Brainbox,hterrelly3f@cyberchimps.com,06/09/1955,19/04/2022,11/01/2023
Lauree,Lambis,7532874956,Twimm,llambis3g@google.com,28/04/1968,,08/01/2023
Mikaela,Quarrell,7358337293,Latz,mquarrell3h@intel.com,24/04/1960,26/09/2021,
Mair,Drivers,1011931710,Abata,mdrivers3i@cdbaby.com,20/11/1961,16/02/2021,06/01/2023
Penni,Pinke,4149548611,Tavu,ppinke3j@jalbum.net,18/04/1988,29/05/2022,11/01/2023
Pris,Norton,4145424413,Skimia,pnorton3k@home.pl,13/02/1968,03/08/2022,09/01/2023
Erhart,Pearmain,1068360150,Gabtype,epearmain3l@ucoz.ru,06/03/1970,10/12/2020,09/01/2023
Nevin,Marthen,7825653572,Dabtype,nmarthen3m@photobucket.com,05/11/1965,12/10/2022,07/01/2023
Elise,Clapp,6524138484,BlogXS,eclapp3n@bravesites.com,07/07/1950,26/09/2021,08/01/2023
Reinold,Allcott,3643389579,Realcube,rallcott3o@google.cn,13/10/1953,19/09/2022,06/01/2023
Pearle,Gillooly,6264990292,Thoughtmix,pgillooly3p@china.com.cn,30/04/1967,05/01/2020,07/01/2023
Aida,Brumham,2961140384,Meezzy,abrumham3q@ucoz.ru,26/06/1966,20/04/2022,06/01/2023
Libbey,Dignall,4179546469,Geba,ldignall3r@sbwire.com,13/01/1985,01/12/2021,08/01/2023
Salomone,Milburne,3455692547,Jaloo,smilburne3s@studiopress.com,04/11/1977,03/11/2022,06/01/2023
Candie,O'Carran,5918767179,Topiczoom,cocarran3t@answers.com,27/04/1978,28/05/2021,11/01/2023
Roi,Stihl,9238714608,Jaxbean,rstihl3u@discovery.com,07/06/1974,24/05/2021,09/01/2023
Niles,Gatesman,2232830791,Zoonoodle,ngatesman3v@zimbio.com,22/09/1959,08/05/2022,06/01/2023
Corinna,Angless,2953530505,Jaxspan,cangless3w@thetimes.co.uk,18/06/1976,11/06/2020,06/01/2023
Meridith,Whitta,7759806955,Kwideo,mwhitta3x@bandcamp.com,23/08/1951,11/06/2020,09/01/2023
Vivie,Follit,3547563063,Skinder,vfollit3y@mapquest.com,21/10/1952,13/03/2022,07/01/2023
Nissy,Dosedale,7159416734,Dynazzy,ndosedale3z@yahoo.co.jp,13/11/1978,19/09/2022,09/01/2023
Charyl,Antczak,6073471487,Youopia,cantczak40@slideshare.net,18/01/1979,02/08/2021,11/01/2023
Leelah,Finder,9526558273,Aivee,lfinder41@washingtonpost.com,17/06/1952,31/01/2020,
Darsey,Leemans,9146274948,Wordify,dleemans42@cocolog-nifty.com,01/08/1964,24/08/2021,06/01/2023
Inglebert,Matthieson,1901161649,Yakijo,imatthieson43@spiegel.de,09/07/1978,15/01/2021,
Ettore,Goodban,5666188429,Nlounge,egoodban44@macromedia.com,02/06/1985,06/07/2021,10/01/2023
Peggie,Akker,9859000690,Agivu,pakker45@posterous.com,06/09/1959,17/12/2022,07/01/2023
Kary,Muckley,4697684404,Gabcube,kmuckley46@patch.com,14/12/1954,07/03/2020,11/01/2023
Yoshi,Havesides,4839222224,Yodel,yhavesides47@over-blog.com,08/04/1956,19/06/2021,
Kai,Corben,1225441680,Kazu,kcorben48@constantcontact.com,31/12/1971,11/12/2021,08/01/2023
Tomasine,Gummery,8124148594,Zoombeat,tgummery49@plala.or.jp,06/07/1978,19/06/2022,11/01/2023
Broderic,Southworth,9235313347,Realfire,bsouthworth4a@amazon.com,28/03/1988,29/01/2020,08/01/2023
Daffi,Ormiston,1523225334,Zoonoodle,dormiston4b@nymag.com,02/12/1970,18/08/2022,08/01/2023
Jade,Lagne,4461418885,Fivebridge,jlagne4c@biblegateway.com,26/04/1967,23/08/2022,08/01/2023
Wilden,MacBarron,3606753478,Tavu,wmacbarron4d@upenn.edu,10/08/1982,05/09/2021,09/01/2023
Tommy,Moodey,5932248866,Muxo,tmoodey4e@washingtonpost.com,04/06/1984,05/12/2021,10/01/2023
Margaretta,Sowerby,6794662552,Meemm,msowerby4f@nba.com,12/02/1960,20/12/2022,
Daryl,Sleightholme,3914616523,Jaxworks,dsleightholme4g@live.com,14/01/1972,10/11/2020,10/01/2023
Bertie,O'Sherrin,4183102518,Meevee,bosherrin4h@google.com.br,24/08/1983,10/09/2021,06/01/2023
Val,Wyndham,6292992463,Twitterworks,vwyndham4i@shop-pro.jp,25/06/1988,09/08/2021,09/01/2023
Gwendolyn,Adamo,4042461731,Janyx,gadamo4j@illinois.edu,20/03/1979,01/02/2020,06/01/2023
Cedric,Furlow,3487604359,Lazzy,cfurlow4k@bizjournals.com,08/09/1960,07/08/2020,08/01/2023
Gunner,McJerrow,7454849325,Fliptune,gmcjerrow4l@huffingtonpost.com,28/08/1966,10/06/2021,07/01/2023
Brenn,Kynoch,1635323263,Mymm,bkynoch4m@ustream.tv,05/05/1958,27/10/2022,07/01/2023
Erna,Colclough,3485663324,Twinder,ecolclough4n@rediff.com,18/06/1966,05/02/2021,09/01/2023
Susanetta,Balnave,9546958541,Lajo,sbalnave4o@livejournal.com,22/02/1973,15/01/2021,06/01/2023
Gasper,Hindenberger,1374756056,Eire,ghindenberger4p@creativecommons.org,30/09/1970,26/03/2022,07/01/2023
Basilio,Copland,7245871444,Oyonder,bcopland4q@bravesites.com,04/09/1959,16/01/2020,
Gypsy,Gierek,2636126883,Zoombox,ggierek4r@vinaora.com,06/12/1979,14/01/2022,06/01/2023
Eloise,Molan,2347956020,Quimm,emolan4s@yellowpages.com,02/10/1968,14/08/2022,09/01/2023
Oriana,Aitkenhead,5963957776,Babbleopia,oaitkenhead4t@phoca.cz,26/01/1957,22/03/2022,08/01/2023
Barnett,Cabble,2173735394,Gigabox,bcabble4u@reverbnation.com,06/12/1988,13/04/2020,08/01/2023
Balduin,Paley,5268484525,Zoomzone,bpaley4v@vimeo.com,13/04/1985,05/02/2021,08/01/2023
Briney,Dootson,5148933997,Izio,bdootson4w@blog.com,18/12/1981,19/12/2021,11/01/2023
Gifford,McAvaddy,8274621606,Meeveo,gmcavaddy4x@latimes.com,05/10/1962,06/09/2021,09/01/2023
Rockey,Nowland,1166014330,InnoZ,rnowland4y@marketwatch.com,28/06/1963,28/11/2020,11/01/2023
Aguie,Izard,9668072605,Katz,aizard4z@berkeley.edu,31/07/1984,05/07/2022,07/01/2023
Jana,Dombrell,7014717342,Quamba,jdombrell50@bbc.co.uk,21/05/1963,,10/01/2023
Ara,Dickens,7139553496,Blognation,adickens51@amazon.com,07/01/1962,06/04/2020,
Diahann,Childerhouse,5752686955,Fivespan,dchilderhouse52@squidoo.com,04/04/1951,03/05/2020,06/01/2023
Jorrie,Mole,9149749229,Centidel,jmole53@skyrock.com,29/05/1957,19/10/2021,10/01/2023
Kari,Malacrida,7526520772,Livefish,kmalacrida54@mozilla.org,19/02/1967,17/12/2022,06/01/2023
Jeni,Danilewicz,4821325799,Demizz,jdanilewicz55@state.gov,19/01/1950,22/10/2020,08/01/2023
Brianne,Saunton,7164833680,Katz,bsaunton56@mac.com,17/11/1971,29/03/2022,
Lothaire,Warrell,1324054346,Zoombeat,lwarrell57@squidoo.com,15/05/1968,03/01/2022,09/01/2023
Warden,Kearley,1622287353,Yakijo,wkearley58@so-net.ne.jp,24/04/1977,10/12/2021,10/01/2023
Malanie,Bennis,8113501962,Cogibox,mbennis59@phpbb.com,24/04/1969,28/07/2022,07/01/2023
Noel,Cumbes,8417029628,Leexo,ncumbes5a@wisc.edu,04/10/1986,11/05/2022,07/01/2023
Glynnis,Rapier,3268145565,Thoughtbridge,grapier5b@yellowbook.com,03/02/1976,21/02/2022,10/01/2023
Cob,McGiven,3033107208,Abatz,cmcgiven5c@accuweather.com,27/09/1966,13/05/2021,11/01/2023
Trev,Barrington,8735896513,Cogilith,tbarrington5d@godaddy.com,19/10/1968,29/08/2021,10/01/2023
Ronny,Doneld,8554146809,Digitube,rdoneld5e@discovery.com,11/09/1976,29/05/2020,
Matteo,Shankle,2621456642,Oloo,mshankle5f@admin.ch,17/09/1974,09/08/2021,10/01/2023
Paige,Ballham,2345774925,Demivee,pballham5g@fc2.com,03/04/1978,13/03/2022,07/01/2023
Cora,Anglin,2932781396,Kare,canglin5h@typepad.com,09/08/1952,16/05/2022,06/01/2023
Alfie,Cottee,1527471607,Snaptags,acottee5i@epa.gov,26/06/1959,30/05/2021,11/01/2023
Daffie,Arstall,6232936997,Eare,darstall5j@ameblo.jp,23/10/1958,03/11/2021,06/01/2023
Bone,Llewellyn,3142266090,Mycat,bllewellyn5k@yahoo.co.jp,26/07/1968,29/04/2022,11/01/2023
Maurene,Geekin,5775116070,Kwimbee,mgeekin5l@constantcontact.com,03/08/1974,02/01/2020,07/01/2023
Nonie,Allbrook,5962951472,Edgepulse,nallbrook5m@usda.gov,05/05/1964,10/09/2022,07/01/2023
Norman,Palfrey,4343456064,Photobean,npalfrey5n@uiuc.edu,10/06/1984,08/09/2021,10/01/2023
Ravi,Bragg,5834936366,Voonyx,rbragg5o@irs.gov,06/07/1963,26/01/2020,07/01/2023
Pearle,Spurett,2561134207,Centidel,pspurett5p@wunderground.com,21/01/1986,03/11/2022,09/01/2023
Johnette,Rillatt,1041961016,Topiczoom,jrillatt5q@infoseek.co.jp,18/06/1986,03/10/2020,10/01/2023
Reinhold,Burcher,7747632864,Oyoloo,rburcher5r@deviantart.com,21/04/1966,03/07/2020,
Anatole,Budibent,8676191561,Brightbean,abudibent5s@free.fr,22/04/1987,15/12/2021,11/01/2023
Franni,Swalowe,2656617377,Kwilith,fswalowe5t@moonfruit.com,05/07/1981,20/11/2021,11/01/2023
Correy,Greguol,4896115280,Realfire,cgreguol5u@amazon.com,14/02/1950,,09/01/2023
Rhianon,Arangy,7585000158,Gabspot,rarangy5v@wufoo.com,20/10/1955,02/01/2021,10/01/2023
Emmit,Farfalameev,8791898861,Feednation,efarfalameev5w@sfgate.com,13/05/1978,13/06/2020,10/01/2023
Chastity,Wardington,4968729125,Oyondu,cwardington5x@behance.net,13/04/1953,04/11/2021,
Terrel,Oxbie,1228166197,Realfire,toxbie5y@wsj.com,05/07/1981,12/02/2022,09/01/2023
Woodrow,Bris,4652917758,Lazz,wbris5z@reddit.com,30/09/1965,23/07/2020,06/01/2023
Bob,Franciotti,1054963885,Roombo,bfranciotti60@washington.edu,08/09/1957,15/12/2020,08/01/2023
Ameline,Tiptaft,2178183211,Eazzy,atiptaft61@senate.gov,21/05/1953,15/05/2021,09/01/2023
Tory,Oxbe,8641668063,Topicshots,toxbe62@elpais.com,19/12/1981,01/08/2020,11/01/2023
Bartholomeus,Cromar,4928825412,Latz,bcromar63@usa.gov,04/08/1978,02/09/2020,11/01/2023
Packston,Keppy,2015088814,Dabtype,pkeppy64@posterous.com,03/03/1981,26/05/2020,09/01/2023
Verna,Scudders,2934433886,Tekfly,vscudders65@usa.gov,08/01/1977,14/08/2021,06/01/2023
Jonathan,Lief,4518895586,Youopia,jlief66@exblog.jp,23/09/1955,09/11/2022,06/01/2023
Gordie,Flello,4335732473,Dynabox,gflello67@netvibes.com,25/06/1968,01/06/2021,10/01/2023
Barri,Meekings,7789068173,Abata,bmeekings68@oakley.com,02/07/1980,06/10/2021,08/01/2023
Jacobo,Huck,2857141051,Skynoodle,jhuck69@sohu.com,06/08/1953,21/04/2021,
Kassey,Westmerland,3085403245,Gabvine,kwestmerland6a@usnews.com,20/10/1974,28/08/2020,08/01/2023
Joeann,Thomas,4308190126,Browsebug,jthomas6b@prweb.com,06/06/1981,22/05/2021,
Maury,Pierson,2623057800,Zoomlounge,mpierson6c@jigsy.com,23/02/1951,09/04/2021,10/01/2023
Brooks,Tull,1239499062,Realpoint,btull6d@vimeo.com,28/10/1953,26/01/2022,
Stacie,Battlestone,8963373019,Zoomlounge,sbattlestone6e@flickr.com,01/01/1982,31/08/2020,
Stepha,Ansley,8978134004,Quatz,sansley6f@dedecms.com,06/03/1984,01/11/2021,11/01/2023
Eula,Leynham,6338299023,Kwideo,eleynham6g@histats.com,22/06/1983,19/10/2020,
Ciel,Castellet,3317876982,Brainverse,ccastellet6h@clickbank.net,17/12/1976,27/03/2021,
Abagael,Kraft,8316316705,Meedoo,akraft6i@cdbaby.com,02/05/1981,09/04/2022,10/01/2023
Dalenna,Sazio,2221747036,Eare,dsazio6j@gravatar.com,03/09/1985,17/07/2020,
Karilynn,Weatherell,2523421047,Kayveo,kweatherell6k@ovh.net,05/12/1989,31/05/2021,
Nari,Ridd,1434749411,Edgetag,nridd6l@newyorker.com,22/03/1950,27/09/2022,10/01/2023
Cheslie,Wegman,8238087612,Skyble,cwegman6m@rakuten.co.jp,04/02/1950,16/06/2021,09/01/2023
Minetta,Moohan,2955942012,JumpXS,mmoohan6n@hc360.com,27/05/1973,12/07/2022,07/01/2023
Malanie,Bourdis,4055531401,Browsezoom,mbourdis6o@sciencedirect.com,18/05/1953,07/12/2020,08/01/2023
Gay,Minto,7632450194,Quaxo,gminto6p@chron.com,25/04/1958,12/10/2022,08/01/2023
Francesca,Vasyunin,7135944114,Voonix,fvasyunin6q@hud.gov,15/07/1954,28/09/2022,
Addy,Sayton,7911960966,Flipstorm,asayton6r@europa.eu,17/04/1985,23/06/2022,11/01/2023
Gloriane,Isaksen,4284249225,Innojam,gisaksen6s@cnet.com,04/02/1960,08/11/2020,06/01/2023
Shirline,Karchowski,7764829905,Shuffletag,skarchowski6t@buzzfeed.com,25/03/1955,,
Flint,Esposita,4367657838,Mynte,fesposita6u@princeton.edu,28/12/1954,02/05/2020,11/01/2023
Shawnee,Fedder,8687320457,Quatz,sfedder6v@eventbrite.com,03/02/1966,08/07/2020,11/01/2023
Chrisse,Presdee,9559354660,Minyx,cpresdee6w@freewebs.com,29/05/1953,31/07/2022,06/01/2023
Rahal,Soares,2227368017,Dablist,rsoares6x@dagondesign.com,26/06/1961,11/09/2021,
Friederike,Brydone,1613459398,Gabtune,fbrydone6y@a8.net,04/04/1954,08/08/2022,
Selle,Rookledge,2462334665,Buzzshare,srookledge6z@rambler.ru,21/09/1985,16/01/2020,
Fanya,Skurm,5263384897,Edgewire,fskurm70@wufoo.com,13/08/1980,09/12/2021,08/01/2023
Clevie,O'Fihily,9332569873,Fivebridge,cofihily71@state.gov,07/03/1952,13/03/2021,07/01/2023
Corilla,Gockeler,5555916891,Jabberstorm,cgockeler72@meetup.com,14/02/1950,04/12/2020,11/01/2023
Foster,Bard,4925348667,Devcast,fbard73@sun.com,28/04/1974,14/07/2020,08/01/2023
Jasmine,Tight,6705724505,Jayo,jtight74@yale.edu,26/06/1981,,07/01/2023
Millisent,Yablsley,5849009330,Kayveo,myablsley75@flavors.me,05/12/1975,01/09/2022,10/01/2023
Keefe,Fellibrand,1419488307,Browsedrive,kfellibrand76@ca.gov,02/06/1970,30/08/2020,07/01/2023
Celestyna,Jackman,7563960570,Tagcat,cjackman77@yale.edu,21/04/1955,07/07/2021,
Leif,Janek,7304975659,Zooveo,ljanek78@mozilla.org,06/05/1989,23/12/2022,11/01/2023
Sela,Balassa,2743114982,Yakijo,sbalassa79@japanpost.jp,17/02/1958,12/10/2022,08/01/2023
Herschel,Blondelle,7918937745,Thoughtblab,hblondelle7a@mtv.com,01/07/1960,25/07/2021,11/01/2023
Cornelia,Frears,7792833019,Meedoo,cfrears7b@eventbrite.com,11/10/1952,09/08/2022,09/01/2023
Ahmed,Dunston,5976879930,Wordtune,adunston7c@twitter.com,14/12/1971,24/05/2021,
Erina,Eaden,8986316575,Jayo,eeaden7d@theatlantic.com,19/06/1956,17/12/2022,09/01/2023
Maximilianus,Cessford,1393184698,Jaxnation,mcessford7e@auda.org.au,07/12/1979,04/10/2022,10/01/2023
Clement,Gerbl,8633499879,Eabox,cgerbl7f@tmall.com,03/08/1982,13/11/2021,11/01/2023
Ham,Arundel,9312486433,Gigazoom,harundel7g@craigslist.org,26/11/1973,13/05/2021,08/01/2023
Benjamen,Limpricht,3779355588,Janyx,blimpricht7h@hp.com,28/10/1951,30/12/2020,
Sharla,Phibb,4159809853,Topicshots,sphibb7i@oaic.gov.au,04/11/1960,04/10/2021,06/01/2023
Piggy,Pentin,7675292319,Devcast,ppentin7j@eepurl.com,23/11/1959,17/02/2020,09/01/2023
Erwin,McGonigle,2573665992,Gigabox,emcgonigle7k@engadget.com,13/07/1981,27/03/2020,
Babs,Dickons,3179254155,Oyoba,bdickons7l@multiply.com,03/11/1958,12/01/2020,08/01/2023
Alaric,Knuckles,2098987288,Blogpad,aknuckles7m@ox.ac.uk,04/04/1962,26/02/2021,
Lynsey,Goldsack,3425867347,Zoozzy,lgoldsack7n@time.com,10/11/1981,,
Lorry,O'Leary,9811375714,Photobean,loleary7o@facebook.com,28/04/1954,23/06/2022,09/01/2023
Blayne,Perris,2104646754,Rooxo,bperris7p@hc360.com,24/07/1960,14/06/2022,06/01/2023
Garth,Byway,9811921192,Dabjam,gbyway7q@gnu.org,24/09/1952,01/04/2021,06/01/2023
Micky,Sainthill,9192031646,Skinder,msainthill7r@aboutads.info,20/11/1953,05/06/2022,06/01/2023
Joellyn,Pestricke,1236879001,Plajo,jpestricke7s@cnbc.com,01/05/1954,21/07/2020,
Genvieve,Hackforth,2924555711,Topicblab,ghackforth7t@elpais.com,30/04/1972,22/02/2020,07/01/2023
Lefty,Anthes,5935181754,Wikivu,lanthes7u@discuz.net,17/05/1981,26/01/2020,09/01/2023
Devonne,Marcos,8187596687,Eazzy,dmarcos7v@geocities.com,16/04/1968,28/11/2021,10/01/2023
Hedvige,Mattersey,7534750566,Jabbercube,hmattersey7w@tiny.cc,31/08/1950,10/04/2021,07/01/2023
Matilda,Esselin,5835544769,Meetz,messelin7x@seesaa.net,10/09/1982,12/01/2021,07/01/2023
Braden,Elvey,5814590500,Devpoint,belvey7y@arizona.edu,04/06/1952,31/03/2022,
Eve,McLeish,5255334947,Avamm,emcleish7z@msu.edu,16/08/1973,03/06/2021,10/01/2023
Lara,Gelland,6338087037,Gabtune,lgelland80@wunderground.com,28/10/1976,28/02/2020,11/01/2023
Gilberta,Manion,1732074586,Skinder,gmanion81@dailymotion.com,24/12/1975,17/10/2022,09/01/2023
Launce,Busst,6003935190,Trilith,lbusst82@jalbum.net,19/09/1984,08/05/2021,07/01/2023
Angelle,Potteridge,6637076051,Jaxnation,apotteridge83@unblog.fr,24/11/1966,19/07/2021,11/01/2023
Gilbertina,Kubach,2548851263,Edgetag,gkubach84@homestead.com,13/11/1989,08/03/2020,06/01/2023
Erny,Shotboult,1124792191,Twiyo,eshotboult85@behance.net,31/01/1952,11/05/2020,10/01/2023
Terrel,Neaverson,8758207895,Zoombeat,tneaverson86@tinyurl.com,03/02/1980,30/12/2020,09/01/2023
Lorita,Scyner,7319607604,Devcast,lscyner87@mediafire.com,28/05/1972,20/04/2021,08/01/2023
Trisha,Moyle,9104957622,Twiyo,tmoyle88@wiley.com,27/04/1985,04/08/2020,09/01/2023
Valle,Gyorffy,2452876934,Edgetag,vgyorffy89@blinklist.com,16/07/1966,29/11/2022,07/01/2023
Zach,Cawsey,5383911967,Aivee,zcawsey8a@yale.edu,03/09/1977,28/05/2020,07/01/2023
Martino,Coneybeer,5395332618,Mybuzz,mconeybeer8b@utexas.edu,02/11/1975,04/08/2022,
Bernete,Suthren,6073352346,Riffwire,bsuthren8c@reverbnation.com,29/04/1951,25/12/2022,11/01/2023
Ulysses,Knowling,2763938467,Jaxspan,uknowling8d@dyndns.org,13/02/1950,22/01/2020,09/01/2023
Armin,Bhar,1248449570,Wikido,abhar8e@economist.com,06/05/1961,09/07/2021,10/01/2023
Moshe,Ilyuchyov,2496335262,Jabbercube,milyuchyov8f@sitemeter.com,11/08/1950,27/07/2022,09/01/2023
Claudianus,Gownge,8444611765,Livetube,cgownge8g@acquirethisname.com,21/06/1975,19/03/2020,07/01/2023
Trish,Callinan,2043480362,Jazzy,tcallinan8h@rediff.com,13/03/1979,30/11/2022,08/01/2023
Pearla,Shailer,2267611308,Myworks,pshailer8i@usa.gov,10/01/1962,17/04/2021,09/01/2023
Helaina,Jolland,9292556707,Vitz,hjolland8j@diigo.com,02/12/1954,14/02/2022,06/01/2023
Layney,Crocket,5192529761,Plambee,lcrocket8k@cnet.com,20/07/1988,01/02/2020,08/01/2023
Mackenzie,Morphet,8887908520,Thoughtbeat,mmorphet8l@unicef.org,06/12/1977,19/06/2021,
Tarah,Westwater,8666872514,Fiveclub,twestwater8m@studiopress.com,03/11/1952,10/06/2020,10/01/2023
Shermie,Witty,4174795477,Gabtune,switty8n@ucsd.edu,07/03/1980,20/11/2021,09/01/2023
Karlotte,Baalham,6818217997,Kare,kbaalham8o@patch.com,21/12/1983,01/01/2022,09/01/2023
Waldemar,McInteer,7477461397,Kazio,wmcinteer8p@imageshack.us,01/12/1986,28/03/2021,10/01/2023
Matthaeus,Lilleman,2597820364,Rhynoodle,mlilleman8q@sina.com.cn,10/04/1972,13/09/2020,10/01/2023
Lorinda,Marchington,1029499952,Shufflester,lmarchington8r@a8.net,05/02/1980,29/03/2021,07/01/2023
Enos,Shercliff,1999943682,Yambee,eshercliff8s@free.fr,19/04/1980,20/08/2022,08/01/2023
Sascha,Terrington,6199571249,Feednation,sterrington8t@slate.com,02/08/1983,15/02/2022,07/01/2023
Erhard,Rowlatt,2289288301,Feedbug,erowlatt8u@cbc.ca,28/06/1983,16/10/2020,
Kylie,Bownes,7777550250,Topicshots,kbownes8v@networksolutions.com,01/05/1981,13/12/2021,06/01/2023
Ives,Meins,6404658698,Topdrive,imeins8w@boston.com,23/01/1976,11/11/2022,10/01/2023
Cody,Broxup,9578917741,Browseblab,cbroxup8x@examiner.com,10/02/1971,23/12/2020,07/01/2023
Eryn,Duxbarry,4983566274,Dabfeed,eduxbarry8y@sbwire.com,24/08/1986,02/07/2022,11/01/2023
Devinne,Sleep,9408947139,Yakijo,dsleep8z@nyu.edu,25/11/1963,30/08/2022,08/01/2023
Carroll,Reboulet,5344324978,Twitterworks,creboulet90@ed.gov,03/05/1969,24/05/2021,11/01/2023
Nikolia,Arnold,9271099955,Demivee,narnold91@shareasale.com,05/01/1958,20/06/2022,11/01/2023
Rem,Cartmail,5295178996,Avaveo,rcartmail92@liveinternet.ru,19/04/1970,29/07/2020,08/01/2023
Rollins,Siveter,9772591738,Meeveo,rsiveter93@creativecommons.org,22/06/1982,22/11/2021,
Lanny,Armstead,8385642328,Wikido,larmstead94@fema.gov,25/07/1962,25/02/2020,06/01/2023
Carmine,Angliss,4055828037,Kaymbo,cangliss95@usgs.gov,02/09/1960,01/09/2022,06/01/2023
Kane,Jago,7138982513,Gigazoom,kjago96@usgs.gov,19/01/1954,24/04/2022,09/01/2023
Alexandre,Yearsley,1544905595,Feedfire,ayearsley97@jigsy.com,07/03/1983,,10/01/2023
