first_name,last_name,phone,company,email,birthday,last_contact,next_contact
Starr,Permain,5668324236,Fliptune,spermain0@t.co,04/01/1955,28/10/2022,09/01/2023
Justin,Flacke,2201684830,Twitternation,jflacke1@mozilla.org,03/09/1952,07/02/2021,08/01/2023
Carole,Slainey,9566849433,Realbuzz,cslainey2@google.pl,28/09/1964,15/07/2021,07/01/2023
Kendal,Odegaard,3197999940,Rhyloo,kodegaard3@dailymotion.com,23/07/1974,12/10/2020,08/01/2023
Eli,Angelo,7119897078,Fanoodle,eangelo4@tripod.com,08/05/1968,05/10/2021,
Darb,Worboys,9581948213,Riffpedia,dworboys5@woothemes.com,05/12/1969,14/02/2021,06/01/2023
Norean,Mellows,3028055422,Quire,nmellows6@ezinearticles.com,25/08/1959,14/03/2021,10/01/2023
Dianne,Landrean,5743103130,Mudo,dlandrean7@dell.com,22/02/1987,27/04/2022,07/01/2023
Alberto,Weatherburn,9347873672,Bubblebox,aweatherburn8@japanpost.jp,24/05/1969,17/06/2020,11/01/2023
Kissee,Patek,3747565353,Zoomzone,kpatek9@live.com,16/06/1973,17/08/2022,07/01/2023
Kiley,Sansome,5579421270,Innotype,ksansomea@bloglovin.com,22/01/1969,04/07/2022,10/01/2023
Rosalind,Stronack,6759000470,Kanoodle,rstronackb@ow.ly,12/04/1957,30/04/2020,
Sigismond,Giottoi,7217651755,Mydeo,sgiottoic@hp.com,25/08/1962,26/08/2020,09/01/2023
Harvey,Cardoso,2973859612,Zoonoodle,hcardosod@mlb.com,05/07/1984,11/01/2020,08/01/2023
Rourke,Ferryman,4918897317,Zoozzy,rferrymane@tumblr.com,01/10/1976,19/06/2022,10/01/2023
Marlane,Woodage,2804698941,Fliptune,mwoodagef@tripadvisor.com,05/05/1985,28/05/2020,11/01/2023
Bertie,Georghiou,5924096373,Feedfire,bgeorghioug@un.org,28/02/1979,30/01/2021,09/01/2023
Amil,Clardge,6155991808,Camimbo,aclardgeh@earthlink.net,22/06/1978,01/05/2022,08/01/2023
Hulda,Kike,4122062969,Twinder,hkikei@mediafire.com,03/12/1956,06/12/2020,
Lynnea,Buterton,5648904680,Kwimbee,lbutertonj@privacy.gov.au,14/07/1988,18/04/2022,06/01/2023
Marius,Leimster,4242702546,Shufflester,mleimsterk@blogger.com,02/03/1964,23/03/2022,07/01/2023
Kessiah,Schirok,4571360106,Tavu,kschirokl@forbes.com,17/04/1971,15/02/2021,09/01/2023
Anthony,Hadigate,8736463818,Riffpedia,ahadigatem@mediafire.com,23/05/1952,03/10/2022,11/01/2023
Jean,Tellesson,6993667544,Quatz,jtellessonn@storify.com,09/02/1967,01/07/2022,10/01/2023
Olivia,Jackalin,8295198255,Skajo,ojackalino@tamu.edu,14/12/1971,,11/01/2023
Paton,Spence,7349186934,Agimba,pspencep@vinaora.com,09/11/1980,20/06/2022,10/01/2023
Donall,MacDougall,4826417216,Thoughtbeat,dmacdougallq@nsw.gov.au,14/09/1963,31/12/2022,
Rosalynd,Rasper,5546277625,Youtags,rrasperr@com.com,16/12/1952,26/01/2021,06/01/2023
Andreas,Andries,6975253679,Eadel,aandriess@ustream.tv,25/01/1970,06/09/2021,
Erena,Binden,1892988294,Rooxo,ebindent@comcast.net,02/04/1979,28/12/2022,
Fabiano,Chess,9381336582,Wikivu,fchessu@sun.com,29/03/1987,02/04/2022,11/01/2023
Dagny,Senn,8316819190,Blogspan,dsennv@timesonline.co.uk,07/09/1956,28/08/2021,09/01/2023
Reamonn,Vanyushkin,3599972894,Mybuzz,rvanyushkinw@netlog.com,26/05/1976,13/05/2021,10/01/2023
Vickie,Gherardini,3906095101,Oyoloo,vgherardinix@senate.gov,29/07/1984,28/02/2022,08/01/2023
Bertha,Lewcock,8144832370,Avavee,blewcocky@zimbio.com,10/09/1989,29/08/2021,06/01/2023
Konstantine,Yeaman,6512407894,Riffwire,kyeamanz@posterous.com,17/11/1954,27/03/2022,10/01/2023
Maible,Oakenfall,5353641199,Yabox,moakenfall10@time.com,25/02/1963,06/02/2021,11/01/2023
Bette,Kennan,4163887382,Rhyloo,bkennan11@webeden.co.uk,30/08/1978,12/05/2020,08/01/2023
Maurene,O'Drought,5058485894,Brainlounge,modrought12@loc.gov,29/10/1958,20/06/2022,06/01/2023
Melisa,Blose,5095974178,Ainyx,mblose13@tripadvisor.com,05/06/1978,05/11/2022,11/01/2023
Sileas,Proughten,6913866416,Trudoo,sproughten14@guardian.co.uk,01/04/1951,24/01/2021,09/01/2023
Gertrudis,Peagram,6148644627,Gabtune,gpeagram15@globo.com,24/11/1961,23/01/2021,09/01/2023
Gasper,Lages,8507374628,Dabtype,glages16@nsw.gov.au,01/07/1954,08/04/2021,07/01/2023
Lauree,Eddis,7605121303,Topiczoom,leddis17@spotify.com,04/08/1957,06/03/2020,06/01/2023
Tara,Gres,9325035271,Rhyloo,tgres18@sourceforge.net,03/05/1962,01/09/2022,06/01/2023
Devy,Delgua,9458905482,Bluezoom,ddelgua19@usgs.gov,01/06/1958,21/06/2020,11/01/2023
Dalt,McKew,8562901881,Jayo,dmckew1a@epa.gov,14/12/1986,30/01/2022,07/01/2023
Fredek,Ketteman,4474066782,Quinu,fketteman1b@zdnet.com,14/11/1964,19/03/2020,10/01/2023
Alejandrina,Musslewhite,4344283207,Oyoba,amusslewhite1c@cnn.com,10/11/1969,10/05/2020,06/01/2023
Fleurette,Mapletoft,7713104539,Gigazoom,fmapletoft1d@tinypic.com,11/09/1978,07/06/2020,06/01/2023
Nonnah,Senescall,5675246219,Jabbercube,nsenescall1e@va.gov,25/02/1965,07/10/2022,10/01/2023
Dalston,Wabersich,5457976544,Topdrive,dwabersich1f@youtube.com,19/11/1984,13/06/2022,08/01/2023
Erna,Beldham,1144684839,Wikizz,ebeldham1g@soup.io,22/08/1989,,09/01/2023
Valentine,July,2716729111,Browsezoom,vjuly1h@yale.edu,08/10/1989,06/04/2020,11/01/2023
Afton,Drabble,4642670880,Oyonder,adrabble1i@state.tx.us,29/05/1970,,08/01/2023
Casi,Adamowitz,4085823427,Tagopia,cadamowitz1j@abc.net.au,15/09/1961,21/01/2021,10/01/2023
Jodi,Sapp,9647080202,Katz,jsapp1k@barnesandnoble.com,27/06/1955,24/01/2022,10/01/2023
Hayes,Gyles,8137296044,Gigazoom,hgyles1l@mit.edu,09/12/1987,12/02/2021,
Alameda,Helliar,3718663166,Flashspan,ahelliar1m@tumblr.com,19/12/1981,12/10/2022,10/01/2023
Wandie,Goodinge,1703283267,Camido,wgoodinge1n@hc360.com,27/01/1975,02/10/2020,
Frederic,Mundee,4954531159,Edgepulse,fmundee1o@webmd.com,22/01/1964,07/03/2022,10/01/2023
Alexandros,Bradick,4185251287,Fivechat,abradick1p@nps.gov,07/02/1986,07/09/2022,11/01/2023
Franklyn,Bagguley,6272713671,Flipopia,fbagguley1q@ycombinator.com,04/04/1983,17/04/2021,07/01/2023
Arty,Frankcomb,5421742702,Rhybox,afrankcomb1r@nba.com,31/07/1978,23/11/2021,06/01/2023
Phil,Nowlan,7439484008,Vinte,pnowlan1s@mlb.com,22/02/1968,27/02/2021,06/01/2023
Sloan,Fould,1897064655,Blogpad,sfould1t@xrea.com,02/05/1951,11/07/2020,06/01/2023
Blaire,Morritt,4275395860,Skaboo,bmorritt1u@nih.gov,02/01/1950,13/07/2020,09/01/2023
Mandel,Carus,9237661772,Mymm,mcarus1v@wordpress.com,05/04/1969,21/09/2020,11/01/2023
Way,Feeham,1505816708,Livetube,wfeeham1w@vkontakte.ru,21/11/1957,21/09/2021,10/01/2023
Bree,Condict,9182981174,Avamba,bcondict1x@abc.net.au,02/12/1963,21/09/2021,
Marius,Le Pine,7545996004,Kwinu,mlepine1y@google.co.uk,02/11/1965,01/12/2021,07/01/2023
Moshe,Fonzone,5883024890,Rhynoodle,mfonzone1z@rediff.com,11/07/1986,26/07/2021,10/01/2023
Isadore,Keymar,2892812601,Shufflester,ikeymar20@rambler.ru,19/08/1982,18/03/2021,06/01/2023
Hamid,Wheway,4215466044,Skimia,hwheway21@illinois.edu,02/08/1975,20/08/2022,06/01/2023
Shelli,Pawel,5554988992,Rhyzio,spawel22@stumbleupon.com,10/11/1971,15/09/2021,11/01/2023
Giffy,Rumbellow,6352777433,Lazzy,grumbellow23@ucoz.ru,19/04/1977,22/02/2021,08/01/2023
Quinlan,Noli,7627799823,Photobug,qnoli24@vkontakte.ru,23/07/1974,30/05/2020,10/01/2023
Hermine,Poad,6013134143,Brightdog,hpoad25@arizona.edu,04/02/1968,21/02/2022,07/01/2023
Morse,Blanche,1496244292,Youspan,mblanche26@360.cn,31/03/1978,15/07/2021,07/01/2023
Lamar,Monnelly,7194868505,Tambee,lmonnelly27@nifty.com,27/06/1961,18/10/2021,11/01/2023
Gratiana,Hunnywell,9703196540,Dabvine,ghunnywell28@studiopress.com,22/12/1967,10/06/2020,06/01/2023
Boycie,Tiffin,1558850726,Jabbercube,btiffin29@cnbc.com,15/08/1989,06/12/2021,07/01/2023
Tuesday,Adamowitz,4511677264,Katz,tadamowitz2a@cbc.ca,08/08/1984,29/10/2022,06/01/2023
Wilek,Haythornthwaite,9382157457,Dabvine,whaythornthwaite2b@geocities.com,10/08/1985,16/01/2020,11/01/2023
Glenda,Preddy,5867087909,Meevee,gpreddy2c@google.pl,31/03/1973,23/10/2021,06/01/2023
Sibbie,Drover,2483860703,Voonder,sdrover2d@fastcompany.com,06/06/1985,20/07/2021,07/01/2023
Orran,Izzett,3041144708,Thoughtbeat,oizzett2e@globo.com,16/01/1953,05/04/2020,10/01/2023
Ross,Dowrey,4795678154,Topicstorm,rdowrey2f@reddit.com,24/06/1973,14/01/2022,07/01/2023
Larry,Swinyard,2475339664,Voomm,lswinyard2g@cmu.edu,14/07/1967,15/04/2021,11/01/2023
Myriam,Pawlaczyk,5841005313,Bubbletube,mpawlaczyk2h@adobe.com,24/06/1975,13/12/2021,07/01/2023
Isabelle,Eccersley,6212619970,Edgepulse,ieccersley2i@nhs.uk,01/08/1952,29/12/2021,07/01/2023
Hillier,Bowater,6792039003,Ntags,hbowater2j@bigcartel.com,16/11/1986,01/05/2020,
Sherlocke,Ebbutt,4768875260,Zava,sebbutt2k@blogs.com,02/05/1966,03/10/2021,09/01/2023
Pearce,Jameson,9879440086,Flashpoint,pjameson2l@prnewswire.com,10/08/1954,10/03/2021,06/01/2023
Adora,Gilluley,3144886124,Dabshots,agilluley2m@oaic.gov.au,08/08/1979,11/02/2020,09/01/2023
Karlee,MacKey,3139096727,Yakijo,kmackey2n@blinklist.com,18/09/1984,29/11/2020,11/01/2023
Lilli,Ewdale,1934418659,Twitterbeat,lewdale2o@icq.com,17/01/1984,08/01/2021,
Marys,Ciotto,3597731869,Rhynoodle,mciotto2p@yale.edu,14/01/1953,19/05/2022,08/01/2023
Conrado,Kobiera,6406078327,Katz,ckobiera2q@mit.edu,19/08/1970,05/08/2022,
Amalea,Gilroy,3223806485,Topdrive,agilroy2r@ucsd.edu,04/02/1977,16/03/2020,07/01/2023
Ruperto,Mantz,5314133645,Jetpulse,rmantz2s@skyrock.com,19/03/1980,04/09/2020,09/01/2023
Bartie,Wadhams,6449853038,Skipfire,bwadhams2t@51.la,04/08/1968,26/01/2022,07/01/2023
Elysha,Gallanders,9824656690,Meevee,egallanders2u@si.edu,16/09/1982,10/11/2020,
Walliw,Klaffs,5205212173,Buzzster,wklaffs2v@fotki.com,09/08/1964,01/02/2022,06/01/2023
Domingo,Edsell,4177888323,Jabberstorm,dedsell2w@bloglovin.com,09/09/1989,27/08/2021,07/01/2023
Bill,Pozzo,4555461353,Twitterwire,bpozzo2x@bluehost.com,22/07/1972,05/02/2022,09/01/2023
Shauna,Sheardown,1972082369,Gigashots,ssheardown2y@hao123.com,22/07/1961,16/06/2020,09/01/2023
Gwyn,Lissandrini,7463452176,Wordware,glissandrini2z@harvard.edu,29/03/1974,22/10/2020,07/01/2023
Truman,Rasp,1967642671,Twitternation,trasp30@github.io,02/07/1952,31/07/2020,
Nettie,Danes,3037826638,Thoughtstorm,ndanes31@freewebs.com,04/05/1972,26/10/2021,
Oralle,McAlinden,1013236350,Devpoint,omcalinden32@163.com,14/07/1981,03/07/2020,09/01/2023
Erina,Hovee,8876525787,Skinte,ehovee33@ebay.com,27/08/1986,17/07/2021,
Olympia,Tidswell,8239344933,Yakidoo,otidswell34@theglobeandmail.com,11/05/1971,21/11/2022,
Modestine,Giorgetti,6398664655,Meejo,mgiorgetti35@tuttocitta.it,15/02/1965,05/02/2022,09/01/2023
Catarina,Denge,2712845754,Kimia,cdenge36@time.com,31/01/1956,21/12/2020,07/01/2023
Hayyim,Ringham,6076300158,Livetube,hringham37@wp.com,02/08/1957,04/09/2022,07/01/2023
Christophe,Checchetelli,2135827584,Nlounge,cchecchetelli38@nsw.gov.au,29/12/1979,18/02/2020,08/01/2023
Edan,Fennelow,4042336025,Skyndu,efennelow39@1688.com,13/04/1953,12/03/2020,06/01/2023
Georgette,McNabb,8117614493,Yakitri,gmcnabb3a@geocities.com,26/09/1968,09/10/2022,06/01/2023
Tuckie,Klausewitz,5485871638,Twitterlist,tklausewitz3b@economist.com,27/10/1956,09/11/2022,
Karena,Lassetter,1233763933,Brightdog,klassetter3c@yolasite.com,08/10/1959,29/04/2022,08/01/2023
Sadella,Pohlke,4721067532,Jamia,spohlke3d@mayoclinic.com,13/01/1981,09/10/2020,
Care,Wimbury,4338519874,Mynte,cwimbury3e@storify.com,20/04/1965,08/09/2022,
Hyacinthie,Terrelly,1339461503,Brainbox,hterrelly3f@cyberchimps.com,06/09/1955,19/04/2022,11/01/2023
Lauree,Lambis,7532874956,Twimm,llambis3g@google.com,28/04/1968,,08/01/2023
Mikaela,Quarrell,7358337293,Latz,mquarrell3h@intel.com,24/04/1960,26/09/2021,
Mair,Drivers,1011931710,Abata,mdrivers3i@cdbaby.com,20/11/1961,16/02/2021,06/01/2023
Penni,Pinke,4149548611,Tavu,ppinke3j@jalbum.net,18/04/1988,29/05/2022,11/01/2023
Pris,Norton,4145424413,Skimia,pnorton3k@home.pl,13/02/1968,03/08/2022,09/01/2023
Erhart,Pearmain,1068360150,Gabtype,epearmain3l@ucoz.ru,06/03/1970,10/12/2020,09/01/2023
Nevin,Marthen,7825653572,Dabtype,nmarthen3m@photobucket.com,05/11/1965,12/10/2022,07/01/2023
Elise,Clapp,6524138484,BlogXS,eclapp3n@bravesites.com,07/07/1950,26/09/2021,08/01/2023
Reinold,Allcott,3643389579,Realcube,rallcott3o@google.cn,13/10/1953,19/09/2022,06/01/2023
Pearle,Gillooly,6264990292,Thoughtmix,pgillooly3p@china.com.cn,30/04/1967,05/01/2020,07/01/2023
Aida,Brumham,2961140384,Meezzy,abrumham3q@ucoz.ru,26/06/1966,20/04/2022,06/01/2023
Libbey,Dignall,4179546469,Geba,ldignall3r@sbwire.com,13/01/1985,01/12/2021,08/01/2023
Salomone,Milburne,3455692547,Jaloo,smilburne3s@studiopress.com,04/11/1977,03/11/2022,06/01/2023
Candie,O'Carran,5918767179,Topiczoom,cocarran3t@answers.com,27/04/1978,28/05/2021,11/01/2023
Roi,Stihl,9238714608,Jaxbean,rstihl3u@discovery.com,07/06/1974,24/05/2021,09/01/2023
Niles,Gatesman,2232830791,Zoonoodle,ngatesman3v@zimbio.com,22/09/1959,08/05/2022,06/01/2023
Corinna,Angless,2953530505,Jaxspan,cangless3w@thetimes.co.uk,18/06/1976,11/06/2020,06/01/2023
Meridith,Whitta,7759806955,Kwideo,mwhitta3x@bandcamp.com,23/08/1951,11/06/2020,09/01/2023
Vivie,Follit,3547563063,Skinder,vfollit3y@mapquest.com,21/10/1952,13/03/2022,07/01/2023
Nissy,Dosedale,7159416734,Dynazzy,ndosedale3z@yahoo.co.jp,13/11/1978,19/09/2022,09/01/2023
Charyl,Antczak,6073471487,Youopia,cantczak40@slideshare.net,18/01/1979,02/08/2021,11/01/2023
Leelah,Finder,9526558273,Aivee,lfinder41@washingtonpost.com,17/06/1952,31/01/2020,
Darsey,Leemans,9146274948,Wordify,dleemans42@cocolog-nifty.com,01/08/1964,24/08/2021,06/01/2023
Inglebert,Matthieson,1901161649,Yakijo,imatthieson43@spiegel.de,09/07/1978,15/01/2021,
Ettore,Goodban,5666188429,Nlounge,egoodban44@macromedia.com,02/06/1985,06/07/2021,10/01/2023
Peggie,Akker,9859000690,Agivu,pakker45@posterous.com,06/09/1959,17/12/2022,07/01/2023
Kary,Muckley,4697684404,Gabcube,kmuckley46@patch.com,14/12/1954,07/03/2020,11/01/2023
Yoshi,Havesides,4839222224,Yodel,yhavesides47@over-blog.com,08/04/1956,19/06/2021,
Kai,Corben,1225441680,Kazu,kcorben48@constantcontact.com,31/12/1971,11/12/2021,08/01/2023
Tomasine,Gummery,8124148594,Zoombeat,tgummery49@plala.or.jp,06/07/1978,19/06/2022,11/01/2023
Broderic,Southworth,9235313347,Realfire,bsouthworth4a@amazon.com,28/03/1988,29/01/2020,08/01/2023
Daffi,Ormiston,1523225334,Zoonoodle,dormiston4b@nymag.com,02/12/1970,18/08/2022,08/01/2023
Jade,Lagne,4461418885,Fivebridge,jlagne4c@biblegateway.com,26/04/1967,23/08/2022,08/01/2023
Wilden,MacBarron,3606753478,Tavu,wmacbarron4d@upenn.edu,10/08/1982,05/09/2021,09/01/2023
Tommy,Moodey,5932248866,Muxo,tmoodey4e@washingtonpost.com,04/06/1984,05/12/2021,10/01/2023
Margaretta,Sowerby,6794662552,Meemm,msowerby4f@nba.com,12/02/1960,20/12/2022,
Daryl,Sleightholme,3914616523,Jaxworks,dsleightholme4g@live.com,14/01/1972,10/11/2020,10/01/2023
Bertie,O'Sherrin,4183102518,Meevee,bosherrin4h@google.com.br,24/08/1983,10/09/2021,06/01/2023
Val,Wyndham,6292992463,Twitterworks,vwyndham4i@shop-pro.jp,25/06/1988,09/08/2021,09/01/2023
Gwendolyn,Adamo,4042461731,Janyx,gadamo4j@illinois.edu,20/03/1979,01/02/2020,06/01/2023
Cedric,Furlow,3487604359,Lazzy,cfurlow4k@bizjournals.com,08/09/1960,07/08/2020,08/01/2023
Gunner,McJerrow,7454849325,Fliptune,gmcjerrow4l@huffingtonpost.com,28/08/1966,10/06/2021,07/01/2023
Brenn,Kynoch,1635323263,Mymm,bkynoch4m@ustream.tv,05/05/1958,27/10/2022,07/01/2023
Erna,Colclough,3485663324,Twinder,ecolclough4n@rediff.com,18/06/1966,05/02/2021,09/01/2023
Susanetta,Balnave,9546958541,Lajo,sbalnave4o@livejournal.com,22/02/1973,15/01/2021,06/01/2023
Gasper,Hindenberger,1374756056,Eire,ghindenberger4p@creativecommons.org,30/09/1970,26/03/2022,07/01/2023
Basilio,Copland,7245871444,Oyonder,bcopland4q@bravesites.com,04/09/1959,16/01/2020,
Gypsy,Gierek,2636126883,Zoombox,ggierek4r@vinaora.com,06/12/1979,14/01/2022,06/01/2023
Eloise,Molan,2347956020,Quimm,emolan4s@yellowpages.com,02/10/1968,14/08/2022,09/01/2023
Oriana,Aitkenhead,5963957776,Babbleopia,oaitkenhead4t@phoca.cz,26/01/1957,22/03/2022,08/01/2023
Barnett,Cabble,2173735394,Gigabox,bcabble4u@reverbnation.com,06/12/1988,13/04/2020,08/01/2023
Balduin,Paley,5268484525,Zoomzone,bpaley4v@vimeo.com,13/04/1985,05/02/2021,08/01/2023
Briney,Dootson,5148933997,Izio,bdootson4w@blog.com,18/12/1981,19/12/2021,11/01/2023
Gifford,McAvaddy,8274621606,Meeveo,gmcavaddy4x@latimes.com,05/10/1962,06/09/2021,09/01/2023
Rockey,Nowland,1166014330,InnoZ,rnowland4y@marketwatch.com,28/06/1963,28/11/2020,11/01/2023
Aguie,Izard,9668072605,Katz,aizard4z@berkeley.edu,31/07/1984,05/07/2022,07/01/2023
Jana,Dombrell,7014717342,Quamba,jdombrell50@bbc.co.uk,21/05/1963,,10/01/2023
Ara,Dickens,7139553496,Blognation,adickens51@amazon.com,07/01/1962,06/04/2020,
Diahann,Childerhouse,5752686955,Fivespan,dchilderhouse52@squidoo.com,04/04/1951,03/05/2020,06/01/2023
Jorrie,Mole,9149749229,Centidel,jmole53@skyrock.com,29/05/1957,19/10/2021,10/01/2023
Kari,Malacrida,7526520772,Livefish,kmalacrida54@mozilla.org,19/02/1967,17/12/2022,06/01/2023
Jeni,Danilewicz,4821325799,Demizz,jdanilewicz55@state.gov,19/01/1950,22/10/2020,08/01/2023
Brianne,Saunton,7164833680,Katz,bsaunton56@mac.com,17/11/1971,29/03/2022,
Lothaire,Warrell,1324054346,Zoombeat,lwarrell57@squidoo.com,15/05/1968,03/01/2022,09/01/2023
Warden,Kearley,1622287353,Yakijo,wkearley58@so-net.ne.jp,24/04/1977,10/12/2021,10/01/2023
Malanie,Bennis,8113501962,Cogibox,mbennis59@phpbb.com,24/04/1969,28/07/2022,07/01/2023
Noel,Cumbes,8417029628,Leexo,ncumbes5a@wisc.edu,04/10/1986,11/05/2022,07/01/2023
Glynnis,Rapier,3268145565,Thoughtbridge,grapier5b@yellowbook.com,03/02/1976,21/02/2022,10/01/2023
Cob,McGiven,3033107208,Abatz,cmcgiven5c@accuweather.com,27/09/1966,13/05/2021,11/01/2023
Trev,Barrington,8735896513,Cogilith,tbarrington5d@godaddy.com,19/10/1968,29/08/2021,10/01/2023
Ronny,Doneld,8554146809,Digitube,rdoneld5e@discovery.com,11/09/1976,29/05/2020,
Matteo,Shankle,2621456642,Oloo,mshankle5f@admin.ch,17/09/1974,09/08/2021,10/01/2023
Paige,Ballham,2345774925,Demivee,pballham5g@fc2.com,03/04/1978,13/03/2022,07/01/2023
Cora,Anglin,2932781396,Kare,canglin5h@typepad.com,09/08/1952,16/05/2022,06/01/2023
Alfie,Cottee,1527471607,Snaptags,acottee5i@epa.gov,26/06/1959,30/05/2021,11/01/2023
Daffie,Arstall,6232936997,Eare,darstall5j@ameblo.jp,23/10/1958,03/11/2021,06/01/2023
Bone,Llewellyn,3142266090,Mycat,bllewellyn5k@yahoo.co.jp,26/07/1968,29/04/2022,11/01/2023
Maurene,Geekin,5775116070,Kwimbee,mgeekin5l@constantcontact.com,03/08/1974,02/01/2020,07/01/2023
Nonie,Allbrook,5962951472,Edgepulse,nallbrook5m@usda.gov,05/05/1964,10/09/2022,07/01/2023
Norman,Palfrey,4343456064,Photobean,npalfrey5n@uiuc.edu,10/06/1984,08/09/2021,10/01/2023
Ravi,Bragg,5834936366,Voonyx,rbragg5o@irs.gov,06/07/1963,26/01/2020,07/01/2023
Pearle,Spurett,2561134207,Centidel,pspurett5p@wunderground.com,21/01/1986,03/11/2022,09/01/2023
Johnette,Rillatt,1041961016,Topiczoom,jrillatt5q@infoseek.co.jp,18/06/1986,03/10/2020,10/01/2023
Reinhold,Burcher,7747632864,Oyoloo,rburcher5r@deviantart.com,21/04/1966,03/07/2020,
Anatole,Budibent,8676191561,Brightbean,abudibent5s@free.fr,22/04/1987,15/12/2021,11/01/2023
Franni,Swalowe,2656617377,Kwilith,fswalowe5t@moonfruit.com,05/07/1981,20/11/2021,11/01/2023
Correy,Greguol,4896115280,Realfire,cgreguol5u@amazon.com,14/02/1950,,09/01/2023
Rhianon,Arangy,7585000158,Gabspot,rarangy5v@wufoo.com,20/10/1955,02/01/2021,10/01/2023
Emmit,Farfalameev,8791898861,Feednation,efarfalameev5w@sfgate.com,13/05/1978,13/06/2020,10/01/2023
Chastity,Wardington,4968729125,Oyondu,cwardington5x@behance.net,13/04/1953,04/11/2021,
Terrel,Oxbie,1228166197,Realfire,toxbie5y@wsj.com,05/07/1981,12/02/2022,09/01/2023
Woodrow,Bris,4652917758,Lazz,wbris5z@reddit.com,30/09/1965,23/07/2020,06/01/2023
Bob,Franciotti,1054963885,Roombo,bfranciotti60@washington.edu,08/09/1957,15/12/2020,08/01/2023
Ameline,Tiptaft,2178183211,Eazzy,atiptaft61@senate.gov,21/05/1953,15/05/2021,09/01/2023
Tory,Oxbe,8641668063,Topicshots,toxbe62@elpais.com,19/12/1981,01/08/2020,11/01/2023
Bartholomeus,Cromar,4928825412,Latz,bcromar63@usa.gov,04/08/1978,02/09/2020,11/01/2023
Packston,Keppy,2015088814,Dabtype,pkeppy64@posterous.com,03/03/1981,26/05/2020,09/01/2023
Verna,Scudders,2934433886,Tekfly,vscudders65@usa.gov,08/01/1977,14/08/2021,06/01/2023
Jonathan,Lief,4518895586,Youopia,jlief66@exblog.jp,23/09/1955,09/11/2022,06/01/2023
Gordie,Flello,4335732473,Dynabox,gflello67@netvibes.com,25/06/1968,01/06/2021,10/01/2023
Barri,Meekings,7789068173,Abata,bmeekings68@oakley.com,02/07/1980,06/10/2021,08/01/2023
Jacobo,Huck,2857141051,Skynoodle,jhuck69@sohu.com,06/08/1953,21/04/2021,
Kassey,Westmerland,3085403245,Gabvine,kwestmerland6a@usnews.com,20/10/1974,28/08/2020,08/01/2023
Joeann,Thomas,4308190126,Browsebug,jthomas6b@prweb.com,06/06/1981,22/05/2021,
Maury,Pierson,2623057800,Zoomlounge,mpierson6c@jigsy.com,23/02/1951,09/04/2021,10/01/2023
Brooks,Tull,1239499062,Realpoint,btull6d@vimeo.com,28/10/1953,26/01/2022,
Stacie,Battlestone,8963373019,Zoomlounge,sbattlestone6e@flickr.com,01/01/1982,31/08/2020,
Stepha,Ansley,8978134004,Quatz,sansley6f@dedecms.com,06/03/1984,01/11/2021,11/01/2023
Eula,Leynham,6338299023,Kwideo,eleynham6g@histats.com,22/06/1983,19/10/2020,
Ciel,Castellet,3317876982,Brainverse,ccastellet6h@clickbank.net,17/12/1976,27/03/2021,
Abagael,Kraft,8316316705,Meedoo,akraft6i@cdbaby.com,02/05/1981,09/04/2022,10/01/2023
Dalenna,Sazio,2221747036,Eare,dsazio6j@gravatar.com,03/09/1985,17/07/2020,
Karilynn,Weatherell,2523421047,Kayveo,kweatherell6k@ovh.net,05/12/1989,31/05/2021,
Nari,Ridd,1434749411,Edgetag,nridd6l@newyorker.com,22/03/1950,27/09/2022,10/01/2023
Cheslie,Wegman,8238087612,Skyble,cwegman6m@rakuten.co.jp,04/02/1950,16/06/2021,09/01/2023
Minetta,Moohan,2955942012,JumpXS,mmoohan6n@hc360.com,27/05/1973,12/07/2022,07/01/2023
Malanie,Bourdis,4055531401,Browsezoom,mbourdis6o@sciencedirect.com,18/05/1953,07/12/2020,08/01/2023
Gay,Minto,7632450194,Quaxo,gminto6p@chron.com,25/04/1958,12/10/2022,08/01/2023
Francesca,Vasyunin,7135944114,Voonix,fvasyunin6q@hud.gov,15/07/1954,28/09/2022,
Addy,Sayton,7911960966,Flipstorm,asayton6r@europa.eu,17/04/1985,23/06/2022,11/01/2023
Gloriane,Isaksen,4284249225,Innojam,gisaksen6s@cnet.com,04/02/1960,08/11/2020,06/01/2023
Shirline,Karchowski,7764829905,Shuffletag,skarchowski6t@buzzfeed.com,25/03/1955,,
Flint,Esposita,4367657838,Mynte,fesposita6u@princeton.edu,28/12/1954,02/05/2020,11/01/2023
Shawnee,Fedder,8687320457,Quatz,sfedder6v@eventbrite.com,03/02/1966,08/07/2020,11/01/2023
Chrisse,Presdee,9559354660,Minyx,cpresdee6w@freewebs.com,29/05/1953,31/07/2022,06/01/2023
Rahal,Soares,2227368017,Dablist,rsoares6x@dagondesign.com,26/06/1961,11/09/2021,
Friederike,Brydone,1613459398,Gabtune,fbrydone6y@a8.net,04/04/1954,08/08/2022,
Selle,Rookledge,2462334665,Buzzshare,srookledge6z@rambler.ru,21/09/1985,16/01/2020,
Fanya,Skurm,5263384897,Edgewire,fskurm70@wufoo.com,13/08/1980,09/12/2021,08/01/2023
Clevie,O'Fihily,9332569873,Fivebridge,cofihily71@state.gov,07/03/1952,13/03/2021,07/01/2023
Corilla,Gockeler,5555916891,Jabberstorm,cgockeler72@meetup.com,14/02/1950,04/12/2020,11/01/2023
Foster,Bard,4925348667,Devcast,fbard73@sun.com,28/04/1974,14/07/2020,08/01/2023
Jasmine,Tight,6705724505,Jayo,jtight74@yale.edu,26/06/1981,,07/01/2023
Millisent,Yablsley,5849009330,Kayveo,myablsley75@flavors.me,05/12/1975,01/09/2022,10/01/2023
Keefe,Fellibrand,1419488307,Browsedrive,kfellibrand76@ca.gov,02/06/1970,30/08/2020,07/01/2023
Celestyna,Jackman,7563960570,Tagcat,cjackman77@yale.edu,21/04/1955,07/07/2021,
Leif,Janek,7304975659,Zooveo,ljanek78@mozilla.org,06/05/1989,23/12/2022,11/01/2023
Sela,Balassa,2743114982,Yakijo,sbalassa79@japanpost.jp,17/02/1958,12/10/2022,08/01/2023
Herschel,Blondelle,7918937745,Thoughtblab,hblondelle7a@mtv.com,01/07/1960,25/07/2021,11/01/2023
Cornelia,Frears,7792833019,Meedoo,cfrears7b@eventbrite.com,11/10/1952,09/08/2022,09/01/2023
Ahmed,Dunston,5976879930,Wordtune,adunston7c@twitter.com,14/12/1971,24/05/2021,
Erina,Eaden,8986316575,Jayo,eeaden7d@theatlantic.com,19/06/1956,17/12/2022,09/01/2023
Maximilianus,Cessford,1393184698,Jaxnation,mcessford7e@auda.org.au,07/12/1979,04/10/2022,10/01/2023
Clement,Gerbl,8633499879,Eabox,cgerbl7f@tmall.com,03/08/1982,13/11/2021,11/01/2023
Ham,Arundel,9312486433,Gigazoom,harundel7g@craigslist.org,26/11/1973,13/05/2021,08/01/2023
Benjamen,Limpricht,3779355588,Janyx,blimpricht7h@hp.com,28/10/1951,30/12/2020,
Sharla,Phibb,4159809853,Topicshots,sphibb7i@oaic.gov.au,04/11/1960,04/10/2021,06/01/2023
Piggy,Pentin,7675292319,Devcast,ppentin7j@eepurl.com,23/11/1959,17/02/2020,09/01/2023
Erwin,McGonigle,2573665992,Gigabox,emcgonigle7k@engadget.com,13/07/1981,27/03/2020,
Babs,Dickons,3179254155,Oyoba,bdickons7l@multiply.com,03/11/1958,12/01/2020,08/01/2023
Alaric,Knuckles,2098987288,Blogpad,aknuckles7m@ox.ac.uk,04/04/1962,26/02/2021,
Lynsey,Goldsack,3425867347,Zoozzy,lgoldsack7n@time.com,10/11/1981,,
Lorry,O'Leary,9811375714,Photobean,loleary7o@facebook.com,28/04/1954,23/06/2022,09/01/2023
Blayne,Perris,2104646754,Rooxo,bperris7p@hc360.com,24/07/1960,14/06/2022,06/01/2023
Garth,Byway,9811921192,Dabjam,gbyway7q@gnu.org,24/09/1952,01/04/2021,06/01/2023
Micky,Sainthill,9192031646,Skinder,msainthill7r@aboutads.info,20/11/1953,05/06/2022,06/01/2023
Joellyn,Pestricke,1236879001,Plajo,jpestricke7s@cnbc.com,01/05/1954,21/07/2020,
Genvieve,Hackforth,2924555711,Topicblab,ghackforth7t@elpais.com,30/04/1972,22/02/2020,07/01/2023
Lefty,Anthes,5935181754,Wikivu,lanthes7u@discuz.net,17/05/1981,26/01/2020,09/01/2023
Devonne,Marcos,8187596687,Eazzy,dmarcos7v@geocities.com,16/04/1968,28/11/2021,10/01/2023
Hedvige,Mattersey,7534750566,Jabbercube,hmattersey7w@tiny.cc,31/08/1950,10/04/2021,07/01/2023
Matilda,Esselin,5835544769,Meetz,messelin7x@seesaa.net,10/09/1982,12/01/2021,07/01/2023
Braden,Elvey,5814590500,Devpoint,belvey7y@arizona.edu,04/06/1952,31/03/2022,
Eve,McLeish,5255334947,Avamm,emcleish7z@msu.edu,16/08/1973,03/06/2021,10/01/2023
Lara,Gelland,6338087037,Gabtune,lgelland80@wunderground.com,28/10/1976,28/02/2020,11/01/2023
Gilberta,Manion,1732074586,Skinder,gmanion81@dailymotion.com,24/12/1975,17/10/2022,09/01/2023
Launce,Busst,6003935190,Trilith,lbusst82@jalbum.net,19/09/1984,08/05/2021,07/01/2023
Angelle,Potteridge,6637076051,Jaxnation,apotteridge83@unblog.fr,24/11/1966,19/07/2021,11/01/2023
Gilbertina,Kubach,2548851263,Edgetag,gkubach84@homestead.com,13/11/1989,08/03/2020,06/01/2023
Erny,Shotboult,1124792191,Twiyo,eshotboult85@behance.net,31/01/1952,11/05/2020,10/01/2023
Terrel,Neaverson,8758207895,Zoombeat,tneaverson86@tinyurl.com,03/02/1980,30/12/2020,09/01/2023
Lorita,Scyner,7319607604,Devcast,lscyner87@mediafire.com,28/05/1972,20/04/2021,08/01/2023
Trisha,Moyle,9104957622,Twiyo,tmoyle88@wiley.com,27/04/1985,04/08/2020,09/01/2023
Valle,Gyorffy,2452876934,Edgetag,vgyorffy89@blinklist.com,16/07/1966,29/11/2022,07/01/2023
Zach,Cawsey,5383911967,Aivee,zcawsey8a@yale.edu,03/09/1977,28/05/2020,07/01/2023
Martino,Coneybeer,5395332618,Mybuzz,mconeybeer8b@utexas.edu,02/11/1975,04/08/2022,
Bernete,Suthren,6073352346,Riffwire,bsuthren8c@reverbnation.com,29/04/1951,25/12/2022,11/01/2023
Ulysses,Knowling,2763938467,Jaxspan,uknowling8d@dyndns.org,13/02/1950,22/01/2020,09/01/2023
Armin,Bhar,1248449570,Wikido,abhar8e@economist.com,06/05/1961,09/07/2021,10/01/2023
Moshe,Ilyuchyov,2496335262,Jabbercube,milyuchyov8f@sitemeter.com,11/08/1950,27/07/2022,09/01/2023
Claudianus,Gownge,8444611765,Livetube,cgownge8g@acquirethisname.com,21/06/1975,19/03/2020,07/01/2023
Trish,Callinan,2043480362,Jazzy,tcallinan8h@rediff.com,13/03/1979,30/11/2022,08/01/2023
Pearla,Shailer,2267611308,Myworks,pshailer8i@usa.gov,10/01/1962,17/04/2021,09/01/2023
Helaina,Jolland,9292556707,Vitz,hjolland8j@diigo.com,02/12/1954,14/02/2022,06/01/2023
Layney,Crocket,5192529761,Plambee,lcrocket8k@cnet.com,20/07/1988,01/02/2020,08/01/2023
Mackenzie,Morphet,8887908520,Thoughtbeat,mmorphet8l@unicef.org,06/12/1977,19/06/2021,
Tarah,Westwater,8666872514,Fiveclub,twestwater8m@studiopress.com,03/11/1952,10/06/2020,10/01/2023
Shermie,Witty,4174795477,Gabtune,switty8n@ucsd.edu,07/03/1980,20/11/2021,09/01/2023
Karlotte,Baalham,6818217997,Kare,kbaalham8o@patch.com,21/12/1983,01/01/2022,09/01/2023
Waldemar,McInteer,7477461397,Kazio,wmcinteer8p@imageshack.us,01/12/1986,28/03/2021,10/01/2023
Matthaeus,Lilleman,2597820364,Rhynoodle,mlilleman8q@sina.com.cn,10/04/1972,13/09/2020,10/01/2023
Lorinda,Marchington,1029499952,Shufflester,lmarchington8r@a8.net,05/02/1980,29/03/2021,07/01/2023
Enos,Shercliff,1999943682,Yambee,eshercliff8s@free.fr,19/04/1980,20/08/2022,08/01/2023
Sascha,Terrington,6199571249,Feednation,sterrington8t@slate.com,02/08/1983,15/02/2022,07/01/2023
Erhard,Rowlatt,2289288301,Feedbug,erowlatt8u@cbc.ca,28/06/1983,16/10/2020,
Kylie,Bownes,7777550250,Topicshots,kbownes8v@networksolutions.com,01/05/1981,13/12/2021,06/01/2023
Ives,Meins,6404658698,Topdrive,imeins8w@boston.com,23/01/1976,11/11/2022,10/01/2023
Cody,Broxup,9578917741,Browseblab,cbroxup8x@examiner.com,10/02/1971,23/12/2020,07/01/2023
Eryn,Duxbarry,4983566274,Dabfeed,eduxbarry8y@sbwire.com,24/08/1986,02/07/2022,11/01/2023
Devinne,Sleep,9408947139,Yakijo,dsleep8z@nyu.edu,25/11/1963,30/08/2022,08/01/2023
Carroll,Reboulet,5344324978,Twitterworks,creboulet90@ed.gov,03/05/1969,24/05/2021,11/01/2023
Nikolia,Arnold,9271099955,Demivee,narnold91@shareasale.com,05/01/1958,20/06/2022,11/01/2023
Rem,Cartmail,5295178996,Avaveo,rcartmail92@liveinternet.ru,19/04/1970,29/07/2020,08/01/2023
Rollins,Siveter,9772591738,Meeveo,rsiveter93@creativecommons.org,22/06/1982,22/11/2021,
Lanny,Armstead,8385642328,Wikido,larmstead94@fema.gov,25/07/1962,25/02/2020,06/01/2023
Carmine,Angliss,4055828037,Kaymbo,cangliss95@usgs.gov,02/09/1960,01/09/2022,06/01/2023
Kane,Jago,7138982513,Gigazoom,kjago96@usgs.gov,19/01/1954,24/04/2022,09/01/2023
Alexandre,Yearsley,1544905595,Feedfire,ayearsley97@jigsy.com,07/03/1983,,10/01/2023
Emlynne,Retchless,5638353760,Buzzshare,eretchless98@adobe.com,14/09/1963,15/06/2022,
Arvin,Bouskill,8578595904,Npath,abouskill99@imdb.com,31/01/1961,27/12/2022,09/01/2023
Bev,Merrison,2103280655,Yakijo,bmerrison9a@sciencedaily.com,15/12/1962,14/09/2020,09/01/2023
Chere,MacClancey,5895072286,Youopia,cmacclancey9b@1und1.de,26/12/1987,,07/01/2023
Stanislas,Linley,1041054833,Twiyo,slinley9c@mac.com,21/04/1951,15/07/2021,07/01/2023
Walker,Winstone,2481548054,Skivee,wwinstone9d@youtu.be,02/07/1977,11/04/2020,07/01/2023
Hailey,Turville,5958410866,Innotype,hturville9e@wp.com,01/12/1974,25/09/2021,07/01/2023
Tammy,Knevit,9466753240,Skaboo,tknevit9f@hp.com,28/02/1975,12/04/2021,10/01/2023
Iggy,Chatten,8668649581,Yata,ichatten9g@feedburner.com,14/06/1968,23/09/2021,07/01/2023
Modesta,Lucock,2955896003,Linkbridge,mlucock9h@zdnet.com,05/12/1985,18/10/2020,06/01/2023
Alexis,Davidavidovics,9373538092,Babbleset,adavidavidovics9i@foxnews.com,10/08/1964,16/06/2021,10/01/2023
Granger,Staterfield,1085646798,Lajo,gstaterfield9j@youtu.be,04/01/1950,04/12/2022,08/01/2023
Richmound,Lints,1028299375,Blognation,rlints9k@rambler.ru,13/06/1985,06/12/2020,10/01/2023
Dre,Cherrington,3635653506,Ailane,dcherrington9l@accuweather.com,02/01/1987,,07/01/2023
Christabella,Smissen,3136883794,Kwilith,csmissen9m@jalbum.net,08/07/1955,11/06/2022,09/01/2023
Yul,Rittmeyer,2549422560,Zoonoodle,yrittmeyer9n@google.com,21/10/1972,15/01/2020,10/01/2023
Nelie,Sprey,9685268618,Gabtype,nsprey9o@senate.gov,17/04/1972,12/01/2020,09/01/2023
Hillyer,Brownlow,4337287868,Brainlounge,hbrownlow9p@telegraph.co.uk,26/05/1983,14/11/2020,06/01/2023
Trixi,Prestedge,2841113473,Fivechat,tprestedge9q@aol.com,09/08/1987,29/03/2020,08/01/2023
Robby,Pulver,4319661399,Bluejam,rpulver9r@nsw.gov.au,04/09/1968,09/06/2022,08/01/2023
Philly,Merryman,1981153415,Viva,pmerryman9s@a8.net,21/03/1958,17/05/2022,06/01/2023
Erwin,Rosewarne,6772344484,Flashset,erosewarne9t@wsj.com,28/02/1978,02/11/2021,11/01/2023
Kingsley,Conniam,4263818891,Oyope,kconniam9u@intel.com,08/06/1966,15/11/2020,09/01/2023
Rowan,Mc Curlye,5656092266,Twitterbridge,rmccurlye9v@mayoclinic.com,01/02/1984,24/07/2021,06/01/2023
Vikky,Rosendale,8351020804,Meevee,vrosendale9w@comsenz.com,16/01/1953,09/07/2020,07/01/2023
Roslyn,McEvilly,5433239713,Skinder,rmcevilly9x@cnbc.com,17/11/1987,20/11/2020,07/01/2023
Hyacinthie,Glentworth,5338064812,Voolith,hglentworth9y@fda.gov,31/08/1982,20/05/2020,11/01/2023
Bear,Blevin,2858254534,Twinder,bblevin9z@biglobe.ne.jp,03/01/1957,22/12/2021,07/01/2023
Winnifred,Lidgey,2304612610,Voonyx,wlidgeya0@nifty.com,05/01/1967,30/05/2022,11/01/2023
Lotti,MacAlroy,7618343744,Skinder,lmacalroya1@arizona.edu,07/03/1973,,06/01/2023
Elia,Paffett,5618610881,Zoomdog,epaffetta2@tumblr.com,19/07/1982,23/08/2021,06/01/2023
Marie-jeanne,Sutterfield,1536501640,Twinte,msutterfielda3@va.gov,24/04/1987,26/03/2020,10/01/2023
Selig,Eisold,9028817920,Fanoodle,seisolda4@scientificamerican.com,19/04/1960,07/05/2022,09/01/2023
Hewe,Mulqueen,5589525519,Topicstorm,hmulqueena5@prlog.org,26/12/1972,19/12/2022,06/01/2023
Sophia,Chattelaine,6216411734,Bubbletube,schattelainea6@fotki.com,16/07/1980,10/05/2022,06/01/2023
Natassia,Ravilus,2923457674,Youfeed,nravilusa7@hexun.com,30/09/1989,21/06/2020,10/01/2023
Aloise,McCorley,5736722576,Meetz,amccorleya8@ocn.ne.jp,04/11/1977,28/02/2022,11/01/2023
Augustine,Curtain,5968694855,JumpXS,acurtaina9@google.co.jp,27/08/1983,20/04/2021,09/01/2023
Rupert,Mohamed,7242900532,Brainverse,rmohamedaa@theglobeandmail.com,02/07/1953,18/08/2020,09/01/2023
Augy,Benning,9203680714,Youbridge,abenningab@google.com,09/06/1987,28/11/2021,11/01/2023
Ellie,Goracci,5456281913,Pixoboo,egoracciac@wunderground.com,13/04/1982,21/09/2022,
Harrie,Groneway,5113871938,Oba,hgronewayad@nymag.com,25/08/1983,22/11/2022,
Billy,Basill,9076590703,Youspan,bbasillae@narod.ru,14/10/1958,03/05/2021,10/01/2023
Lucia,Gallacher,4826877482,Skinix,lgallacheraf@cyberchimps.com,31/05/1955,09/06/2020,09/01/2023
Desdemona,Taysbil,2272183900,Twitterbridge,dtaysbilag@privacy.gov.au,12/12/1962,30/05/2022,
Jordain,Kinig,5951464402,Pixonyx,jkinigah@1und1.de,01/03/1961,14/12/2022,
Jaquelyn,Wanne,6518702934,Centimia,jwanneai@seattletimes.com,17/03/1965,14/08/2021,08/01/2023
Elvin,Evers,4481692214,Thoughtblab,eeversaj@surveymonkey.com,03/11/1973,12/10/2021,
Cari,Lenox,4812792555,Fivechat,clenoxak@pen.io,03/12/1959,27/02/2022,
Chris,Demoge,8272445064,Feedfire,cdemogeal@columbia.edu,17/04/1987,02/05/2020,10/01/2023
Melamie,Whear,7027739649,Tazzy,mwhearam@usgs.gov,10/11/1966,02/02/2022,10/01/2023
Minta,Claibourn,9071603080,Kare,mclaibournan@oakley.com,13/08/1978,12/02/2020,11/01/2023
Viv,Lade,9833924284,Skipstorm,vladeao@hubpages.com,16/04/1974,14/02/2020,06/01/2023
Dore,Greer,5781417330,Yombu,dgreerap@purevolume.com,14/02/1964,03/07/2020,09/01/2023
Orren,Hurle,3823314027,JumpXS,ohurleaq@hp.com,09/03/1976,21/01/2021,06/01/2023
Britte,Grundey,4772407339,Realcube,bgrundeyar@scribd.com,30/11/1956,28/07/2022,08/01/2023
Nananne,Van Waadenburg,2499314849,Voomm,nvanwaadenburgas@goo.ne.jp,27/04/1978,24/02/2020,11/01/2023
Stefanie,Halwell,6372873208,Ainyx,shalwellat@hc360.com,14/12/1952,03/02/2020,11/01/2023
Benedick,O'Hannigan,1237572341,Fatz,bohanniganau@mlb.com,10/02/1954,06/11/2020,08/01/2023
Gizela,Mitton,7123392284,Photojam,gmittonav@dailymail.co.uk,17/09/1969,27/03/2021,10/01/2023
Darn,Purseglove,1567684672,Babbleset,dpursegloveaw@issuu.com,31/10/1957,30/12/2020,11/01/2023
Anastasia,Bidgood,4703757712,Oyope,abidgoodax@msu.edu,10/05/1980,27/01/2020,06/01/2023
Erinna,Dine-Hart,2318698151,Roomm,edinehartay@dailymail.co.uk,11/06/1975,18/06/2021,06/01/2023
Mable,Woolston,7133194582,Yozio,mwoolstonaz@over-blog.com,18/03/1976,22/10/2020,08/01/2023
Dinny,Beddall,8411255657,Eabox,dbeddallb0@apache.org,21/08/1970,18/04/2021,10/01/2023
Rab,Squibb,9195003653,Rhyzio,rsquibbb1@hexun.com,16/09/1952,31/03/2021,07/01/2023
Abeu,Paviour,2213594061,Photolist,apaviourb2@prweb.com,15/09/1953,26/08/2022,09/01/2023
Dyanne,Dunsleve,2066060346,Blognation,ddunsleveb3@yolasite.com,04/01/1956,28/04/2021,06/01/2023
Angeli,Hamprecht,2568404970,Yoveo,ahamprechtb4@ustream.tv,25/08/1965,22/12/2021,11/01/2023
Lavina,Tambling,4707478929,Edgeclub,ltamblingb5@cloudflare.com,26/11/1975,19/09/2020,06/01/2023
Stephi,Learmouth,1099322822,Fadeo,slearmouthb6@nifty.com,06/04/1975,15/09/2021,06/01/2023
Gianina,Gebb,2039002665,Thoughtworks,ggebbb7@salon.com,13/04/1966,,06/01/2023
Cheryl,Poli,8301576034,Kwimbee,cpolib8@zimbio.com,10/02/1987,28/05/2020,08/01/2023
Dido,Hadigate,4806701408,Skaboo,dhadigateb9@liveinternet.ru,12/12/1977,15/06/2022,11/01/2023
Jewell,Eagling,5208220368,Oyonder,jeaglingba@prweb.com,07/03/1966,09/01/2021,10/01/2023
Costanza,Cockerell,7645621077,Agimba,ccockerellbb@lulu.com,29/12/1968,25/09/2021,06/01/2023
Jayme,Daoust,4166265026,Buzzster,jdaoustbc@usnews.com,01/04/1988,02/03/2022,06/01/2023
Julianne,Paradyce,2624539594,Jazzy,jparadycebd@java.com,13/09/1959,04/11/2022,
Tybalt,Cicerone,1434458981,Centizu,tciceronebe@baidu.com,06/11/1985,16/09/2022,08/01/2023
Rebe,Yersin,9152667685,Eimbee,ryersinbf@blogtalkradio.com,29/05/1986,21/09/2022,07/01/2023
Tallie,Archbald,6622071533,Nlounge,tarchbaldbg@mozilla.com,10/01/1981,31/12/2021,09/01/2023
Roarke,Cramp,5976115427,Skyvu,rcrampbh@google.com.br,01/12/1988,01/06/2022,08/01/2023
Veronika,Tammadge,4815336253,Topicblab,vtammadgebi@homestead.com,28/11/1983,,06/01/2023
Thadeus,Emerine,6532321620,Yadel,temerinebj@tiny.cc,17/09/1978,27/06/2020,07/01/2023
Rusty,Crothers,3238368812,Katz,rcrothersbk@google.co.uk,26/10/1980,07/02/2022,11/01/2023
Chelsie,Kneel,6531733551,Realfire,ckneelbl@facebook.com,14/06/1970,14/10/2021,
Lucila,Matthiesen,6822922403,Meezzy,lmatthiesenbm@businessweek.com,18/12/1973,18/07/2020,09/01/2023
Susy,Gaveltone,4114623548,Yozio,sgaveltonebn@wsj.com,11/05/1961,25/11/2020,10/01/2023
Trip,Lamberth,5752489788,Yata,tlamberthbo@wufoo.com,18/08/1953,26/08/2022,08/01/2023
Lilias,Gianninotti,1457186204,Skinte,lgianninottibp@sourceforge.net,04/05/1973,13/12/2021,
Jake,Snalum,1979586768,Browsetype,jsnalumbq@dailymail.co.uk,17/06/1979,13/05/2020,
Ilyssa,Fussie,1917949741,DabZ,ifussiebr@cbc.ca,08/05/1959,16/11/2020,
Sharron,Falconer-Taylor,8509160544,Brainverse,sfalconertaylorbs@zdnet.com,31/12/1961,31/01/2021,06/01/2023
Ivor,Brobeck,8625462198,Chatterbridge,ibrobeckbt@prnewswire.com,25/04/1958,,
Lauryn,Maton,7156680644,Feedfish,lmatonbu@europa.eu,25/05/1976,21/04/2020,09/01/2023
Flor,Mulrean,2031990882,Skippad,fmulreanbv@discuz.net,12/06/1956,01/12/2022,06/01/2023
Giorgio,Whitsey,5443182885,Chatterpoint,gwhitseybw@networkadvertising.org,04/01/1963,06/01/2022,06/01/2023
Mandi,Howbrook,2876527364,Jabberstorm,mhowbrookbx@ucsd.edu,10/04/1967,30/01/2022,06/01/2023
Garfield,Hobben,3864831227,Bluezoom,ghobbenby@slideshare.net,14/03/1980,14/10/2022,10/01/2023
Ree,Atley,9267822102,Quimm,ratleybz@wordpress.org,07/03/1951,20/03/2022,08/01/2023
Dorita,Brasted,1738311347,Leexo,dbrastedc0@google.ca,16/11/1956,13/04/2020,
Adrianne,Brinicombe,9837071656,Jazzy,abrinicombec1@ibm.com,06/01/1966,20/02/2020,06/01/2023
Gaile,Wrankling,8808410273,Meevee,gwranklingc2@theatlantic.com,05/12/1965,18/04/2020,07/01/2023
Jessy,Hedde,4048018736,Aibox,jheddec3@bing.com,21/02/1977,28/12/2021,
Martino,Hanfrey,2951448974,Teklist,mhanfreyc4@ustream.tv,20/06/1989,10/06/2020,08/01/2023
Rubina,Carville,3339463872,Skipstorm,rcarvillec5@msn.com,21/06/1982,24/03/2021,09/01/2023
Esdras,Summerson,5254158274,Rhyzio,esummersonc6@clickbank.net,27/05/1970,13/10/2020,08/01/2023
Therine,De Anesy,3624513117,Riffpedia,tdeanesyc7@spotify.com,08/03/1955,20/10/2020,09/01/2023
Lelia,Kensington,8999662523,Buzzbean,lkensingtonc8@google.pl,25/01/1957,07/07/2022,09/01/2023
Darcie,Saville,1202411595,Ooba,dsavillec9@house.gov,09/06/1988,16/09/2022,06/01/2023
Murial,Adam,8743097544,Tambee,madamca@ask.com,04/02/1972,18/05/2021,
Loy,Castro,8077145221,Skiba,lcastrocb@netscape.com,22/05/1961,15/02/2020,07/01/2023
Madlen,Ziemecki,3603347700,Flipstorm,mziemeckicc@theatlantic.com,03/02/1964,05/07/2022,07/01/2023
Bernardo,Rossey,4274543026,Centidel,brosseycd@opera.com,12/06/1972,15/02/2021,10/01/2023
Martha,Letch,5505153389,Meeveo,mletchce@wsj.com,05/11/1959,10/10/2021,10/01/2023
Lorene,Maitland,9412341148,Yata,lmaitlandcf@biblegateway.com,15/01/1978,05/12/2022,06/01/2023
Benito,Whetnall,3913651892,Youspan,bwhetnallcg@google.fr,17/01/1988,01/03/2020,09/01/2023
Etheline,Scarrisbrick,6562042082,Agimba,escarrisbrickch@hao123.com,07/11/1981,23/08/2020,11/01/2023
Rivi,Shorten,7096140667,Blogspan,rshortenci@wikia.com,19/05/1982,08/04/2022,08/01/2023
Dugald,Swatridge,8655830531,Thoughtblab,dswatridgecj@shareasale.com,20/10/1980,01/08/2021,06/01/2023
Lanie,Sponer,6106433273,Dabtype,lsponerck@nyu.edu,17/12/1960,18/05/2020,08/01/2023
Emilie,Lovekin,4156416444,Yambee,elovekincl@soup.io,26/09/1964,01/06/2022,06/01/2023
Gabi,D' Angelo,7427578872,Zoomdog,gdangelocm@economist.com,17/07/1964,05/09/2021,
King,Grundey,4753122625,Wordpedia,kgrundeycn@edublogs.org,05/11/1959,23/11/2021,
Martina,McCulloch,3195306930,Quimba,mmccullochco@about.com,16/10/1962,20/04/2021,
Norby,Owens,3141705485,Skyndu,nowenscp@timesonline.co.uk,07/08/1969,11/12/2020,07/01/2023
Shena,Stout,8112742715,Realfire,sstoutcq@feedburner.com,23/10/1964,13/03/2021,06/01/2023
Lonnie,Farbrace,6249802434,Kayveo,lfarbracecr@bizjournals.com,21/04/1975,27/05/2022,
Cordy,Gemlett,7973606993,Meeveo,cgemlettcs@devhub.com,13/03/1958,01/04/2022,10/01/2023
Xavier,Boggis,7925845185,Vinte,xboggisct@weibo.com,26/08/1965,13/08/2020,07/01/2023
Griffin,Breckin,5699909637,Twitterwire,gbreckincu@prnewswire.com,16/08/1984,16/11/2022,08/01/2023
Verina,Sibbit,1128056672,Ailane,vsibbitcv@cnn.com,10/08/1975,13/08/2022,06/01/2023
Cecilius,Ackermann,6316177852,Blogtag,cackermanncw@google.co.jp,17/03/1972,02/11/2021,10/01/2023
Normand,Wratten,2107004323,Feedmix,nwrattencx@livejournal.com,31/05/1980,07/04/2022,07/01/2023
Hubey,Breakey,7472000216,Dabshots,hbreakeycy@soup.io,07/06/1968,29/05/2022,06/01/2023
Kessiah,Ulrik,7611604947,Skilith,kulrikcz@soundcloud.com,19/10/1977,30/11/2022,06/01/2023
Olag,Sprules,8469740345,Linktype,osprulesd0@indiegogo.com,01/05/1959,10/02/2021,09/01/2023
Joell,Hellsdon,8734588136,Yabox,jhellsdond1@usgs.gov,03/06/1961,26/08/2021,08/01/2023
Ferris,Flaherty,6511004528,Oyoyo,fflahertyd2@blogspot.com,31/12/1955,05/11/2021,
Merry,Gainfort,1734074696,Jamia,mgainfortd3@reddit.com,12/11/1979,29/01/2020,08/01/2023
Merlina,Masding,4677061615,Layo,mmasdingd4@cyberchimps.com,13/10/1985,03/03/2021,
Kaitlynn,Furmston,6942559049,Omba,kfurmstond5@go.com,14/06/1968,22/03/2021,08/01/2023
Kally,Davidovics,4222754460,Gabtune,kdavidovicsd6@biglobe.ne.jp,14/01/1969,07/10/2020,11/01/2023
Carlyn,Huortic,2726684766,Tagopia,chuorticd7@mapy.cz,19/04/1987,19/01/2021,09/01/2023
Luis,Buckerfield,2285293985,Muxo,lbuckerfieldd8@oakley.com,19/08/1963,19/09/2021,06/01/2023
Darwin,Chesnay,3694634692,Topicware,dchesnayd9@gov.uk,10/07/1982,13/07/2022,08/01/2023
Georgie,McKerron,2454257099,Demivee,gmckerronda@histats.com,19/08/1963,25/03/2021,07/01/2023
Dun,Sheringham,8447793531,Edgepulse,dsheringhamdb@t.co,02/07/1961,19/12/2022,
Eugenio,McIlwaine,6903317763,Ailane,emcilwainedc@harvard.edu,11/07/1969,25/09/2021,08/01/2023
Bendix,California,4233965583,Fatz,bcaliforniadd@examiner.com,02/07/1972,21/09/2021,09/01/2023
Devonna,Dorn,7081241356,Layo,ddornde@angelfire.com,31/07/1950,14/06/2021,07/01/2023
Ruggiero,Siely,9112774372,Jayo,rsielydf@qq.com,13/08/1980,07/02/2020,11/01/2023
Dina,Head,4021429617,Riffwire,dheaddg@mail.ru,15/03/1976,25/07/2022,
Drona,Antliff,6345850060,Bluezoom,dantliffdh@gov.uk,20/05/1975,12/04/2020,
Berkie,Dix,2133572463,Zoomcast,bdixdi@pen.io,21/09/1955,15/02/2020,06/01/2023
Issi,Sydry,5631504950,Topdrive,isydrydj@qq.com,08/04/1974,07/06/2020,07/01/2023
Raff,Ellcome,4513663386,Devify,rellcomedk@house.gov,31/05/1960,30/11/2022,11/01/2023
Bartram,Manford,8215396785,Blognation,bmanforddl@shutterfly.com,19/01/1957,25/07/2020,06/01/2023
Lib,Comizzoli,7188834565,Skynoodle,lcomizzolidm@google.co.jp,04/12/1965,26/12/2020,10/01/2023
Leanor,Jendrach,1361319187,Thoughtstorm,ljendrachdn@google.de,22/05/1956,25/10/2021,09/01/2023
Giorgi,Andreazzi,3943973747,Tagchat,gandreazzido@imgur.com,21/07/1981,21/10/2021,09/01/2023
Claus,Pagram,8501359124,Jabbersphere,cpagramdp@howstuffworks.com,15/05/1967,29/09/2020,07/01/2023
Sharity,Borne,4989367397,Wikizz,sbornedq@mit.edu,25/06/1982,29/04/2022,07/01/2023
Jeanne,Meyrick,8802428279,Centidel,jmeyrickdr@hatena.ne.jp,03/01/1963,03/02/2022,10/01/2023
Frannie,Iacovozzo,8906719576,Twitterwire,fiacovozzods@mail.ru,03/08/1973,17/01/2021,10/01/2023
Saunders,Rhoddie,8222752151,Wordify,srhoddiedt@time.com,15/05/1972,21/11/2020,
Clark,Trevan,3103374605,Kazu,ctrevandu@quantcast.com,01/02/1970,17/01/2020,11/01/2023
Gusella,Cordingly,9689881391,Mycat,gcordinglydv@redcross.org,14/06/1979,01/08/2021,06/01/2023
Lari,Dobble,1835517371,Roomm,ldobbledw@delicious.com,29/03/1955,28/12/2021,
Malanie,Treanor,7434897786,Skalith,mtreanordx@yellowpages.com,30/11/1974,14/07/2020,11/01/2023
Whitby,Hamil,6226079024,Agivu,whamildy@zdnet.com,27/05/1953,07/12/2020,11/01/2023
Jeanelle,Titt,4586351393,Realfire,jtittdz@oaic.gov.au,27/09/1967,10/03/2020,11/01/2023
Alisa,Catcheside,1997054265,Voonder,acatchesidee0@hibu.com,17/05/1982,17/09/2020,11/01/2023
Ezmeralda,Lenney,4787853869,Blogtags,elenneye1@harvard.edu,13/07/1965,17/03/2021,
Clary,Ballston,2966452728,Jaxspan,cballstone2@nps.gov,03/09/1984,03/06/2020,09/01/2023
Francklyn,Kenson,4727642688,Plambee,fkensone3@chronoengine.com,17/01/1988,04/10/2022,09/01/2023
Fiann,Leipold,9636076836,Agivu,fleipolde4@vimeo.com,26/12/1986,09/04/2022,08/01/2023
Dunstan,Stobbart,8166576263,Gevee,dstobbarte5@msn.com,09/01/1971,20/02/2021,08/01/2023
Bartlett,Esparza,1528963335,Katz,besparzae6@mysql.com,20/06/1969,17/03/2021,07/01/2023
Luke,Bampton,8592613872,Dynazzy,lbamptone7@npr.org,04/10/1989,17/06/2021,08/01/2023
Caron,Berget,4712200650,Vidoo,cbergete8@wikipedia.org,30/01/1984,10/04/2022,09/01/2023
Dimitri,Filipic,3163237705,Bluezoom,dfilipice9@paypal.com,02/03/1971,01/04/2020,08/01/2023
Rorie,Tolomio,3386395131,Oozz,rtolomioea@1und1.de,14/11/1974,01/11/2021,09/01/2023
Layne,Emanueli,4237421371,Jayo,lemanuelieb@theglobeandmail.com,11/06/1978,13/11/2022,10/01/2023
Calhoun,Pridgeon,1022757454,Geba,cpridgeonec@alibaba.com,20/09/1951,09/03/2021,09/01/2023
Zackariah,Bicknell,7414739566,Mycat,zbicknelled@biblegateway.com,14/09/1974,17/10/2022,
Wadsworth,Dei,9306389919,Skinte,wdeiee@zimbio.com,04/03/1968,,11/01/2023
Olivette,Yewdall,7904876592,Minyx,oyewdallef@eepurl.com,20/04/1987,08/11/2020,06/01/2023
Tatiana,Errol,7255950572,Skiba,terroleg@uiuc.edu,05/08/1964,18/07/2020,08/01/2023
Kalinda,Smithend,2579300104,Demizz,ksmithendeh@dailymail.co.uk,24/10/1974,01/11/2022,08/01/2023
Davidde,Pantin,7261738447,Dazzlesphere,dpantinei@bing.com,24/02/1958,31/05/2021,07/01/2023
Kordula,Fairbanks,9529036154,Oyonder,kfairbanksej@163.com,21/01/1960,03/09/2022,08/01/2023
Doll,Lowater,6354602626,Kwideo,dlowaterek@livejournal.com,27/08/1977,07/12/2022,07/01/2023
Marilee,Ratter,6754652006,Mymm,mratterel@blogs.com,29/09/1970,11/05/2020,08/01/2023
Lonnard,Jordan,3048705805,Feednation,ljordanem@ning.com,24/05/1956,26/09/2021,07/01/2023
Brennen,Morton,1895175101,Chatterpoint,bmortonen@themeforest.net,19/03/1972,03/08/2020,06/01/2023
Claudina,Dickins,3118021175,Shuffletag,cdickinseo@soundcloud.com,23/02/1960,10/06/2021,
Aleksandr,Carwithen,1447642008,Babbleopia,acarwithenep@yolasite.com,03/06/1965,20/11/2021,07/01/2023
Ninon,O'Dulchonta,7258104183,Jayo,nodulchontaeq@geocities.com,18/03/1979,25/06/2020,06/01/2023
Nancy,Gligori,6837224319,Feedfire,ngligorier@blog.com,07/04/1958,11/07/2021,09/01/2023
Gregoire,Scipsey,6571960941,Yabox,gscipseyes@desdev.cn,26/11/1988,15/03/2020,
Silvio,Lippett,5572043537,Edgepulse,slippettet@ft.com,16/06/1988,20/07/2021,09/01/2023
Regan,Goodboddy,4547958320,Photobean,rgoodboddyeu@vkontakte.ru,10/08/1989,11/03/2021,10/01/2023
Karlik,Spyby,9855532218,Jabberstorm,kspybyev@oracle.com,09/06/1977,06/03/2022,10/01/2023
Claire,Lomasney,2559324937,Oyoyo,clomasneyew@jalbum.net,02/02/1970,21/02/2021,11/01/2023
Peyton,Caistor,1234012144,Gevee,pcaistorex@google.pl,28/01/1987,,08/01/2023
Pet,Abendroth,1014273641,Aivee,pabendrothey@privacy.gov.au,29/09/1971,27/08/2022,10/01/2023
Merrill,Longmead,9185132504,Dynabox,mlongmeadez@kickstarter.com,14/09/1961,15/06/2020,07/01/2023
Lorens,Westoll,1768549517,Feedbug,lwestollf0@facebook.com,25/01/1967,,
Dara,Tirkin,4808635252,Browsedrive,dtirkinf1@ucsd.edu,01/05/1970,29/05/2021,07/01/2023
Tobe,Vasile,4093576158,Dynava,tvasilef2@omniture.com,07/12/1981,15/03/2022,11/01/2023
Axe,Pyke,1764780549,Jaxworks,apykef3@weibo.com,28/04/1953,27/10/2022,06/01/2023
Taite,Rowatt,7089873748,Tagopia,trowattf4@mapy.cz,25/03/1974,04/08/2020,09/01/2023
Dmitri,Cunnell,4346091513,Blognation,dcunnellf5@dropbox.com,14/02/1973,01/11/2020,09/01/2023
Koren,Moorhead,7418638089,Yozio,kmoorheadf6@creativecommons.org,21/07/1967,31/03/2020,07/01/2023
Winona,Buxcy,5553011345,Eadel,wbuxcyf7@about.com,04/05/1980,14/09/2020,09/01/2023
Shaylynn,Diment,8008223350,Meemm,sdimentf8@cisco.com,03/11/1978,14/05/2020,11/01/2023
Sawyere,Schult,6647442592,Rhynoodle,sschultf9@timesonline.co.uk,10/10/1951,05/09/2022,10/01/2023
Karie,Bottoner,2199193826,Teklist,kbottonerfa@a8.net,30/05/1974,09/03/2022,10/01/2023
Cam,Keighley,3897295865,Topicware,ckeighleyfb@jigsy.com,31/05/1978,17/12/2020,10/01/2023
Jody,Footer,2699432810,Devpoint,jfooterfc@addtoany.com,20/03/1966,27/05/2021,09/01/2023
Nester,Jurgenson,9566483230,Buzzshare,njurgensonfd@e-recht24.de,15/08/1985,10/04/2020,
Lucia,Campe,3009444852,Meembee,lcampefe@digg.com,01/01/1972,18/07/2020,07/01/2023
Mervin,Waldocke,5508563428,Camido,mwaldockeff@hostgator.com,05/05/1957,12/07/2021,09/01/2023
Gisella,Fellow,2059823200,Dabfeed,gfellowfg@123-reg.co.uk,12/08/1971,16/08/2021,06/01/2023
Lannie,de Clerc,2789040487,Mybuzz,ldeclercfh@foxnews.com,20/08/1968,11/12/2022,09/01/2023
Manda,Ivanyutin,2476619921,Devbug,mivanyutinfi@mit.edu,16/03/1978,10/02/2022,08/01/2023
Martin,Stuer,1083672418,Jaloo,mstuerfj@paypal.com,28/05/1962,02/11/2022,08/01/2023
Frasier,Bowton,4073060357,Linkbuzz,fbowtonfk@google.co.jp,13/03/1964,12/02/2020,07/01/2023
Dorelia,Frango,2672707584,Dabfeed,dfrangofl@sohu.com,11/12/1956,24/05/2021,06/01/2023
Myrvyn,Dozdill,5807964702,Mymm,mdozdillfm@theatlantic.com,13/12/1978,12/07/2021,07/01/2023
Ignaz,Giacobini,7527402487,Gabtype,igiacobinifn@oracle.com,12/03/1985,12/11/2022,10/01/2023
Kennedy,Pinn,4227477758,Fadeo,kpinnfo@cafepress.com,02/08/1955,10/04/2022,06/01/2023
Faustine,MacKomb,7758205529,Roomm,fmackombfp@goo.gl,28/03/1982,27/09/2022,10/01/2023
Dagmar,Axel,8419204955,Oloo,daxelfq@reuters.com,06/12/1989,04/03/2022,09/01/2023
Ashien,Daintith,5293724382,Flashset,adaintithfr@house.gov,01/08/1960,08/08/2021,09/01/2023
Adrianne,Sandwich,8336150935,Linklinks,asandwichfs@spiegel.de,18/11/1969,,09/01/2023
Rodolph,Flippelli,4518755276,Leenti,rflippellift@unc.edu,10/08/1973,04/09/2021,
Nikolaus,Djokovic,4613217972,Zooveo,ndjokovicfu@toplist.cz,05/01/1974,08/08/2020,11/01/2023
Kerry,Zanneli,5893408353,Babbleset,kzannelifv@stumbleupon.com,06/11/1989,06/08/2022,07/01/2023
Uriah,Scrange,4013750037,Cogilith,uscrangefw@tinyurl.com,24/10/1961,25/10/2022,
Fenelia,Bethell,9565198750,Chatterpoint,fbethellfx@sphinn.com,07/04/1958,16/07/2022,10/01/2023
Cleveland,Hartopp,4865577904,Abata,chartoppfy@shareasale.com,31/07/1981,16/11/2021,11/01/2023
Curcio,Trevna,6196034501,Buzzster,ctrevnafz@e-recht24.de,14/10/1957,26/05/2021,
Kasper,Oliff,9532800415,Skajo,koliffg0@princeton.edu,19/11/1955,19/12/2020,11/01/2023
Adah,De Caroli,2653458520,Geba,adecarolig1@berkeley.edu,19/06/1952,20/04/2020,11/01/2023
Kareem,Ludlow,4828405758,Feedmix,kludlowg2@who.int,23/10/1950,17/08/2020,09/01/2023
Atlanta,Kisting,7802580462,Podcat,akistingg3@deliciousdays.com,20/01/1963,21/07/2021,08/01/2023
Sondra,De Robertis,3203378097,Twimm,sderobertisg4@goo.gl,18/07/1981,20/09/2021,
Flo,Sheridan,8917633004,Jabbertype,fsheridang5@youtube.com,27/01/1972,06/02/2021,06/01/2023
Derry,Giacobilio,9989278276,Pixonyx,dgiacobiliog6@mit.edu,10/01/1988,01/10/2021,09/01/2023
Antonella,Oakley,9536054702,Aibox,aoakleyg7@shinystat.com,05/11/1982,01/12/2021,09/01/2023
Gabbie,Wedon,9362274761,Twinder,gwedong8@hc360.com,13/12/1973,27/04/2021,11/01/2023
Ripley,Mudle,9057648250,Tazzy,rmudleg9@toplist.cz,26/01/1974,19/04/2021,11/01/2023
Hadrian,Borges,6445294244,Browsecat,hborgesga@printfriendly.com,25/06/1953,25/12/2020,08/01/2023
Barbabas,Twinborough,6046278850,Trudoo,btwinboroughgb@digg.com,20/03/1974,03/11/2022,11/01/2023
Nora,Beernt,8106946275,Yata,nbeerntgc@dailymotion.com,05/09/1979,24/07/2021,
Libby,Bruckman,1964095375,Oyoloo,lbruckmangd@time.com,21/02/1977,07/12/2020,
Anitra,Wooff,6937736390,Twitterwire,awooffge@webeden.co.uk,18/06/1986,18/04/2021,
Camellia,Fowgies,7287470538,Jaxbean,cfowgiesgf@meetup.com,17/09/1958,06/04/2021,08/01/2023
Alfreda,Burndred,8358178493,Thoughtsphere,aburndredgg@lycos.com,28/03/1961,04/09/2022,07/01/2023
Hillel,Beauly,2663341768,Plambee,hbeaulygh@umn.edu,16/12/1968,14/03/2021,07/01/2023
Baillie,Bucknill,1062649535,Oyonder,bbucknillgi@ask.com,30/04/1971,13/08/2020,
Bettina,Ramsden,4129526795,Mydeo,bramsdengj@nyu.edu,19/03/1982,11/06/2021,10/01/2023
Todd,McSperrin,2582657085,Cogilith,tmcsperringk@ucsd.edu,06/06/1985,29/02/2020,09/01/2023
Elnore,Maestro,9215508563,Skipfire,emaestrogl@home.pl,08/04/1957,07/12/2020,
Agustin,Doby,5445353661,Fliptune,adobygm@is.gd,29/08/1979,11/04/2022,
Bernete,Dougal,3129880033,Meejo,bdougalgn@deviantart.com,10/10/1967,07/12/2022,06/01/2023
Alexandr,Keys,8471243417,Dazzlesphere,akeysgo@weibo.com,21/11/1987,14/07/2021,06/01/2023
Shaun,Gallie,5488923191,DabZ,sgalliegp@netscape.com,19/11/1963,11/06/2021,
Damiano,Fishe,7305690245,Zooxo,dfishegq@netlog.com,07/01/1975,20/06/2021,11/01/2023
Jethro,Asey,2743425520,Skidoo,jaseygr@ucsd.edu,08/08/1955,09/12/2022,06/01/2023
Gabrielle,Ayres,5298640513,Shufflester,gayresgs@bbb.org,18/03/1974,,11/01/2023
Jena,Harmant,2299158983,Devbug,jharmantgt@mlb.com,11/01/1953,31/10/2022,09/01/2023
Vasilis,Longmire,4913820313,Shufflester,vlongmiregu@arizona.edu,16/03/1955,21/11/2020,06/01/2023
Estevan,Kedge,3721957235,Dabvine,ekedgegv@youku.com,21/12/1956,02/05/2021,09/01/2023
Walton,Shackleton,4312824040,Topicstorm,wshackletongw@cloudflare.com,12/02/1981,30/09/2022,10/01/2023
Valentine,Tacon,6809099979,Latz,vtacongx@yolasite.com,13/10/1950,29/03/2021,07/01/2023
Pietra,McKinlay,3829602748,Mydeo,pmckinlaygy@reuters.com,28/11/1958,09/04/2021,07/01/2023
Beatrisa,Lovie,7535595022,Izio,bloviegz@gnu.org,28/12/1986,08/08/2021,07/01/2023
Karolina,Eake,1407973540,Rhynyx,keakeh0@wiley.com,18/08/1980,11/11/2021,09/01/2023
Elspeth,Saggers,6796629538,Rhyloo,esaggersh1@ucsd.edu,12/02/1959,03/12/2021,09/01/2023
Igor,Risom,8754476820,Divavu,irisomh2@devhub.com,31/12/1975,17/01/2021,
Michell,Hulstrom,2373457742,Jetwire,mhulstromh3@technorati.com,12/11/1968,22/08/2021,10/01/2023
Kellie,Cussins,4248883643,Dynabox,kcussinsh4@msu.edu,21/10/1986,12/03/2020,
Tatum,Tack,7031804345,Yakijo,ttackh5@symantec.com,14/03/1961,16/08/2021,08/01/2023
Nobie,Davidy,1527406164,Zoomdog,ndavidyh6@xrea.com,15/05/1952,21/05/2020,
Town,Piscot,9488383340,Wikivu,tpiscoth7@g.co,01/11/1975,23/03/2020,06/01/2023
Stuart,Laidlaw,6686550922,Lajo,slaidlawh8@toplist.cz,02/03/1951,07/04/2022,06/01/2023
Shanon,Govey,7398304643,Teklist,sgoveyh9@google.com.au,10/05/1984,03/10/2021,08/01/2023
Judy,Padmore,2852221086,Npath,jpadmoreha@yahoo.co.jp,28/06/1954,18/01/2022,11/01/2023
Deedee,Jovicevic,4105673887,Aivee,djovicevichb@vinaora.com,10/03/1966,18/01/2021,
Osborne,Steer,7497081521,Rooxo,osteerhc@imdb.com,11/06/1969,11/12/2020,11/01/2023
Vivi,Cameron,3623180323,Blognation,vcameronhd@istockphoto.com,09/04/1984,06/02/2021,
Jedd,Blowne,6419603077,Brainbox,jblownehe@foxnews.com,08/08/1956,03/04/2022,07/01/2023
Ashley,MacAughtrie,5789469111,Edgetag,amacaughtriehf@amazonaws.com,18/01/1989,05/06/2021,06/01/2023
Berkeley,Penney,1803715866,Tavu,bpenneyhg@fotki.com,15/11/1967,28/12/2022,
Marnie,Gumbley,9161608840,Vipe,mgumbleyhh@barnesandnoble.com,11/01/1980,28/10/2022,10/01/2023
Jacky,Basford,3544207311,Yakitri,jbasfordhi@google.es,25/04/1958,13/06/2021,09/01/2023
Dehlia,Goodlip,4276919321,Blogtag,dgoodliphj@yellowbook.com,10/09/1968,30/11/2021,10/01/2023
Elaine,Korb,1835137151,Yambee,ekorbhk@chronoengine.com,27/06/1967,14/01/2021,08/01/2023
Katie,Hatliff,8914666929,Pixope,khatliffhl@samsung.com,10/09/1974,01/10/2020,06/01/2023
Phyllys,Harme,1884311001,Innotype,pharmehm@goo.gl,08/08/1966,25/03/2022,10/01/2023
Anne-corinne,Parris,8137384984,Yodo,aparrishn@stumbleupon.com,24/01/1989,22/05/2021,08/01/2023
Annabella,Gringley,5863717056,Youspan,agringleyho@alexa.com,18/01/1968,15/08/2022,08/01/2023
Magdalene,Borzoni,5383089501,Kwimbee,mborzonihp@diigo.com,20/09/1969,27/11/2021,10/01/2023
Gipsy,Jope,7104216885,Riffpath,gjopehq@topsy.com,26/08/1988,16/10/2022,
Howard,Selvey,5315045315,Geba,hselveyhr@alexa.com,13/08/1971,03/12/2022,11/01/2023
Neilla,Cajkler,5183593395,Devpoint,ncajklerhs@google.cn,03/07/1959,20/06/2022,09/01/2023
Norri,Moggach,3709028649,Meeveo,nmoggachht@diigo.com,19/12/1981,25/12/2022,08/01/2023
Paddy,Bosward,7584579452,Snaptags,pboswardhu@reddit.com,03/10/1953,31/05/2022,10/01/2023
Alana,Le Maitre,1502698605,Thoughtbeat,alemaitrehv@live.com,18/03/1971,07/07/2021,
Abie,Lanaway,7514317720,Jabbersphere,alanawayhw@nba.com,12/02/1972,04/08/2022,10/01/2023
Darcee,Bridge,8743204932,Zoomzone,dbridgehx@wiley.com,29/03/1954,31/08/2021,06/01/2023
Madge,Precious,3049538500,Quimba,mprecioushy@sciencedirect.com,02/12/1959,03/05/2020,11/01/2023
Gabriela,Manclark,7076470720,Zoomdog,gmanclarkhz@uol.com.br,05/11/1980,13/09/2020,08/01/2023
Gretta,Bourhill,6937619319,Plambee,gbourhilli0@xinhuanet.com,18/09/1970,08/06/2020,06/01/2023
Pascale,Pimblotte,7516005500,Yambee,ppimblottei1@usa.gov,01/03/1970,07/10/2021,07/01/2023
Marillin,Titcumb,6857245500,Janyx,mtitcumbi2@senate.gov,15/11/1953,23/01/2020,
Kerrin,Sollitt,1455544968,Ntag,ksollitti3@prweb.com,07/10/1973,14/05/2022,
Aubrey,Niesegen,1019015531,Oyope,aniesegeni4@discuz.net,04/10/1958,24/10/2022,08/01/2023
Pate,Cuniam,3173432167,Dynabox,pcuniami5@army.mil,29/04/1953,30/06/2022,11/01/2023
Roanne,O'Mailey,4982407673,Thoughtbeat,romaileyi6@google.com.au,07/09/1954,28/08/2022,09/01/2023
Raphaela,Papen,9138081928,Zoonder,rpapeni7@flavors.me,03/10/1954,13/06/2020,09/01/2023
Keelia,Follos,4163167162,Realcube,kfollosi8@pagesperso-orange.fr,01/12/1970,15/06/2020,10/01/2023
Margret,Rubinsky,6978531786,Skyba,mrubinskyi9@unblog.fr,16/09/1969,07/06/2020,10/01/2023
Barnard,Leppington,6698221917,Divape,bleppingtonia@yahoo.co.jp,27/07/1962,22/01/2021,
Ashil,Cosslett,5555373497,Trudeo,acosslettib@bloglovin.com,03/10/1989,20/03/2021,10/01/2023
Merilee,Millson,7168853435,Oloo,mmillsonic@sitemeter.com,26/12/1971,04/10/2021,11/01/2023
Dredi,Le Barr,5678688998,Centizu,dlebarrid@feedburner.com,19/08/1958,20/06/2020,07/01/2023
Ruthi,Bosse,7922362724,Fivespan,rbosseie@nps.gov,05/01/1981,17/05/2021,10/01/2023
Dolly,Edlington,4444183379,Linklinks,dedlingtonif@alexa.com,02/04/1976,08/04/2021,10/01/2023
Karen,Blazewicz,7423256659,Wordify,kblazewiczig@dell.com,12/10/1954,14/04/2022,08/01/2023
Gilligan,Tenant,5306387677,Talane,gtenantih@cbc.ca,17/12/1980,14/08/2022,09/01/2023
Dunstan,Tuckwood,3982703440,Ozu,dtuckwoodii@arizona.edu,07/08/1984,11/11/2022,08/01/2023
Uta,Bolton,7644278500,Youbridge,uboltonij@123-reg.co.uk,24/09/1951,09/08/2022,09/01/2023
Tobias,Salmoni,9034807933,Lajo,tsalmoniik@jalbum.net,20/03/1965,22/08/2021,07/01/2023
Lesya,Haughin,4378166873,Viva,lhaughinil@imgur.com,01/04/1979,23/12/2022,07/01/2023
Isacco,Ourtic,2799893347,Dabfeed,iourticim@printfriendly.com,23/08/1974,26/06/2022,09/01/2023
Hewe,Rex,7137745389,Brainlounge,hrexin@mit.edu,09/08/1967,22/11/2020,11/01/2023
Tarrance,Mylchreest,3308042353,Ntag,tmylchreestio@hugedomains.com,12/05/1963,28/04/2022,
Denys,Livingstone,3637652072,Quire,dlivingstoneip@businessweek.com,20/07/1968,28/05/2021,07/01/2023
Stanislaw,Kabisch,3058472281,Trunyx,skabischiq@upenn.edu,19/04/1950,06/04/2022,08/01/2023
Danila,Feather,6226040978,Thoughtworks,dfeatherir@dmoz.org,20/03/1965,11/03/2022,10/01/2023
Erroll,Beausang,7165875886,Yakitri,ebeausangis@house.gov,10/12/1970,13/05/2021,07/01/2023
Beth,Schettini,6796407707,BlogXS,bschettiniit@washingtonpost.com,03/05/1950,23/08/2020,11/01/2023
Deva,Renne,6815556861,Skivee,drenneiu@bing.com,23/07/1958,19/07/2022,07/01/2023
Ingar,Beggin,4745013689,Tavu,ibegginiv@indiegogo.com,20/06/1980,30/04/2020,10/01/2023
Hank,Scyner,4709783402,Zoombox,hscyneriw@myspace.com,18/09/1982,24/09/2022,11/01/2023
Moishe,Schulke,4898242576,Vipe,mschulkeix@paypal.com,02/08/1957,05/02/2020,11/01/2023
Shirley,Jerger,9164266603,Photobug,sjergeriy@sourceforge.net,26/04/1982,28/03/2021,09/01/2023
Reynolds,O'Lagen,3249260243,Youbridge,rolageniz@xing.com,30/10/1985,10/04/2020,10/01/2023
Patrizia,Manville,2805076122,Trudoo,pmanvillej0@issuu.com,13/06/1959,31/03/2021,06/01/2023
Torey,Kopmann,9491688297,Trupe,tkopmannj1@bloomberg.com,29/01/1961,02/06/2021,07/01/2023
Eda,Barwick,8771485199,Zoomdog,ebarwickj2@multiply.com,10/09/1966,27/01/2020,
Ashby,Bourcq,9999222200,Eazzy,abourcqj3@theguardian.com,09/09/1967,11/05/2021,11/01/2023
Fleur,Hunn,8587323743,Vinder,fhunnj4@toplist.cz,08/07/1989,03/12/2021,08/01/2023
Keary,Mingaye,8723216230,Jabberstorm,kmingayej5@ucsd.edu,25/11/1961,07/12/2022,10/01/2023
Sianna,Farnorth,9811376344,Topicware,sfarnorthj6@youtube.com,23/05/1988,23/10/2022,10/01/2023
Huntley,Strippel,7451355627,Yoveo,hstrippelj7@wix.com,24/03/1968,07/04/2020,10/01/2023
Eleonora,Chelley,9737359969,Tambee,echelleyj8@ameblo.jp,03/03/1953,02/11/2020,08/01/2023
Dix,Hessenthaler,8863802921,Jabbersphere,dhessenthalerj9@thetimes.co.uk,17/11/1950,13/01/2022,
Yevette,Jaskowicz,6876516261,Voonder,yjaskowiczja@histats.com,14/02/1964,13/02/2020,11/01/2023
Vyky,Dibdin,4479246588,Plajo,vdibdinjb@issuu.com,10/12/1951,02/05/2022,06/01/2023
Vonnie,Smallwood,3388665094,Twitterbridge,vsmallwoodjc@jimdo.com,15/01/1978,02/10/2021,07/01/2023
Saunder,Langrick,6419397049,Pixonyx,slangrickjd@amazon.co.jp,15/03/1973,17/12/2022,09/01/2023
Bobbie,Moscone,9843076501,Tanoodle,bmosconeje@lulu.com,09/03/1976,27/03/2022,08/01/2023
Jaquenette,Bartolijn,5395107489,Yamia,jbartolijnjf@chron.com,28/02/1973,01/07/2022,10/01/2023
Ilise,Allner,5325846536,Thoughtworks,iallnerjg@w3.org,29/08/1953,18/12/2021,09/01/2023
Lil,Grzes,2708703113,Linktype,lgrzesjh@desdev.cn,17/05/1960,17/12/2021,
Conway,Mannering,5465190327,Yabox,cmanneringji@networksolutions.com,01/11/1974,25/02/2020,
Maryanna,Bluett,3615417961,Feedbug,mbluettjj@altervista.org,13/04/1978,31/10/2020,08/01/2023
Dan,Blogg,4679337507,Fanoodle,dbloggjk@aboutads.info,28/01/1950,17/08/2022,10/01/2023
Berty,Pender,6353862826,Wikibox,bpenderjl@china.com.cn,15/05/1984,23/12/2020,
Genni,Cowpland,6458896539,Wikivu,gcowplandjm@flavors.me,23/08/1959,11/10/2021,09/01/2023
Ira,Collecott,2004696344,Feedspan,icollecottjn@netlog.com,21/10/1974,01/12/2021,10/01/2023
Cedric,Romagnosi,6152248175,Edgeblab,cromagnosijo@yandex.ru,18/02/1960,31/03/2020,07/01/2023
L;urette,Gigg,8274498791,Meezzy,lgiggjp@mit.edu,05/12/1979,08/12/2021,07/01/2023
Marchelle,Deport,8989482507,Realmix,mdeportjq@google.co.uk,17/07/1964,03/08/2021,07/01/2023
Xylia,Cortese,2078045586,Fivespan,xcortesejr@1und1.de,17/07/1951,11/08/2022,
Aida,Greatreax,8761244538,Skipstorm,agreatreaxjs@ted.com,10/11/1950,11/04/2021,09/01/2023
Sutton,Jagoe,7949758280,Skiba,sjagoejt@weebly.com,28/09/1950,19/07/2021,10/01/2023
Peterus,McGlade,2151351278,Skippad,pmcgladeju@livejournal.com,24/04/1973,26/07/2020,07/01/2023
Herculie,Ubsdale,7659312279,Devpoint,hubsdalejv@businessinsider.com,14/01/1953,15/02/2022,08/01/2023
Aldric,Judson,3564406395,Yakijo,ajudsonjw@ted.com,01/11/1952,11/03/2022,11/01/2023
Gorden,Kettlesing,1091564044,Babbleopia,gkettlesingjx@ox.ac.uk,04/01/1970,10/05/2022,08/01/2023
Tremain,Sapir,3666117723,Aibox,tsapirjy@slideshare.net,01/08/1956,25/06/2021,
Dora,Leifer,9012605540,Skimia,dleiferjz@boston.com,12/12/1960,03/09/2020,
Culver,Hymans,5598289459,Jabbersphere,chymansk0@geocities.com,02/02/1974,18/11/2022,07/01/2023
Yasmin,Sholem,1051843485,Babbleset,ysholemk1@nature.com,07/03/1955,06/08/2021,07/01/2023
Ewan,Shearer,1037965234,Devbug,eshearerk2@craigslist.org,12/09/1984,05/10/2020,09/01/2023
Kippie,Verbruggen,9446696635,Rhybox,kverbruggenk3@indiatimes.com,29/08/1967,15/12/2022,
Candis,Yokley,5302405592,Trupe,cyokleyk4@theguardian.com,05/03/1986,15/02/2021,10/01/2023
Nonie,Nevill,6215051848,Wikivu,nnevillk5@bloomberg.com,18/02/1984,10/03/2022,09/01/2023
Elnar,Burdoun,6016043436,Skalith,eburdounk6@dyndns.org,31/10/1961,14/03/2021,07/01/2023
Kelcie,Andrioli,1485965134,Bubblebox,kandriolik7@newsvine.com,12/07/1965,12/01/2021,06/01/2023
Tasia,Poundsford,2218083830,Eare,tpoundsfordk8@digg.com,17/06/1950,11/12/2021,11/01/2023
Zebulen,Yourell,6984322676,Layo,zyourellk9@wikimedia.org,21/04/1979,29/04/2021,
Lynda,Lavington,1668077604,Viva,llavingtonka@a8.net,26/03/1966,23/02/2021,11/01/2023
Alia,Spooner,7586083369,Yodoo,aspoonerkb@fema.gov,14/07/1984,13/05/2021,
Ron,Insole,9603897346,Jabberstorm,rinsolekc@digg.com,05/03/1986,24/08/2020,10/01/2023
Imojean,Rooson,5667779252,Vidoo,iroosonkd@bandcamp.com,17/03/1974,16/10/2022,09/01/2023
Ciro,Campelli,1567714143,Realblab,ccampellike@ebay.com,17/02/1957,21/02/2022,09/01/2023
Leila,Paulin,9363109244,Photojam,lpaulinkf@unc.edu,08/07/1975,05/06/2020,
Lorelei,Bassick,4248619745,Fivechat,lbassickkg@bloglines.com,28/03/1987,25/07/2020,
Jordon,Clempton,5827416591,Pixoboo,jclemptonkh@army.mil,03/12/1951,,08/01/2023
Quinta,Goodyer,3654441669,Devcast,qgoodyerki@list-manage.com,15/02/1977,27/12/2020,
Fonzie,Moffet,5705227347,Jaloo,fmoffetkj@spotify.com,09/03/1950,17/12/2021,08/01/2023
Flory,Burdas,5815348142,Demimbu,fburdaskk@phoca.cz,03/12/1979,27/09/2021,09/01/2023
Philly,Rodrig,4736592950,Yozio,prodrigkl@bandcamp.com,31/08/1973,05/08/2021,11/01/2023
Orion,Ginglell,3218857758,Talane,oginglellkm@amazon.de,30/12/1955,22/02/2021,08/01/2023
Tabbi,Durgan,2422407167,Pixoboo,tdurgankn@umn.edu,01/09/1968,17/09/2022,11/01/2023
Thornton,Deveraux,3634441716,Fiveclub,tdeverauxko@so-net.ne.jp,20/07/1978,12/04/2020,
Silvanus,Klimentov,2168197985,Brightdog,sklimentovkp@wikimedia.org,21/04/1959,09/10/2021,
Ted,Jannaway,5742994810,Ntags,tjannawaykq@wikispaces.com,31/03/1988,15/08/2020,09/01/2023
Skipp,Lampert,8609831066,Kimia,slampertkr@wsj.com,26/04/1961,15/01/2020,
Tara,Levermore,2466102394,Edgeblab,tlevermoreks@si.edu,14/01/1959,18/01/2021,
Lois,Morot,2116266672,Zava,lmorotkt@go.com,30/08/1972,20/12/2021,07/01/2023
Herminia,Collabine,7029778394,Babbleopia,hcollabineku@jalbum.net,03/08/1950,04/03/2021,08/01/2023
Benson,Nathon,2289965670,Skaboo,bnathonkv@hud.gov,16/01/1954,04/07/2021,06/01/2023
Bernardo,Dufaur,8417442376,Myworks,bdufaurkw@columbia.edu,03/08/1978,24/02/2022,06/01/2023
Christie,Dibdin,9825159112,Skippad,cdibdinkx@ox.ac.uk,19/01/1971,13/10/2021,09/01/2023
Anstice,Warriner,3962346041,Riffwire,awarrinerky@telegraph.co.uk,04/10/1978,30/12/2020,
Gaile,Quarles,1274287403,Roombo,gquarleskz@guardian.co.uk,14/05/1966,02/03/2021,
Ursulina,Brauninger,2063602933,Tagcat,ubrauningerl0@ovh.net,31/01/1952,07/04/2020,08/01/2023
Vevay,Sholem,7278939137,Lazz,vsholeml1@epa.gov,05/11/1971,27/10/2020,09/01/2023
Naomi,Bransby,7024378347,Realblab,nbransbyl2@meetup.com,03/02/1969,09/08/2020,06/01/2023
Padgett,Luckwell,3748709330,Meejo,pluckwelll3@hubpages.com,12/09/1965,07/07/2022,11/01/2023
Nickie,Drinkhall,8253813208,Mydo,ndrinkhalll4@cbc.ca,14/02/1989,30/06/2022,09/01/2023
Marji,Hursey,8023906564,Trupe,mhurseyl5@blogger.com,14/02/1973,21/09/2020,07/01/2023
Elenore,Dyett,5546988265,Avamba,edyettl6@imdb.com,06/01/1956,03/06/2020,09/01/2023
Nicole,Reichert,7051241717,Miboo,nreichertl7@webmd.com,05/01/1967,18/12/2022,09/01/2023
Fern,Siegertsz,5835269091,JumpXS,fsiegertszl8@edublogs.org,26/11/1965,21/10/2020,10/01/2023
Kerwin,Leipold,5754337791,Jabberbean,kleipoldl9@cmu.edu,20/01/1988,10/05/2022,07/01/2023
Carson,Bickersteth,7175968062,Youtags,cbickerstethla@admin.ch,27/08/1955,01/05/2022,
Corene,Chessor,5658924654,Skyba,cchessorlb@home.pl,23/08/1972,17/05/2022,08/01/2023
Dolores,Alves,5265895147,Zazio,dalveslc@wikia.com,17/11/1973,10/07/2022,
Demott,Creber,4298143305,Zooxo,dcreberld@t.co,19/03/1989,13/01/2021,10/01/2023
Letti,Meese,7917457116,Jamia,lmeesele@guardian.co.uk,21/02/1960,03/06/2020,07/01/2023
Ambrosi,Risely,8192252308,Blogspan,ariselylf@elegantthemes.com,02/12/1961,05/12/2020,
Cliff,Hamprecht,9224378931,Twitterbridge,champrechtlg@google.ca,27/07/1987,22/06/2022,10/01/2023
Dacie,Bernardon,5064330228,Myworks,dbernardonlh@zimbio.com,07/10/1965,02/05/2021,09/01/2023
Cleve,Delleschi,4883687273,Skipfire,cdelleschili@redcross.org,12/05/1973,06/10/2020,08/01/2023
Melessa,Perrat,2686174235,Buzzster,mperratlj@bloglovin.com,24/06/1978,30/06/2021,07/01/2023
Webster,Filippo,7374213253,Trilia,wfilippolk@shareasale.com,05/07/1980,28/12/2021,
Ruddie,Hodgin,5917154324,Linkbridge,rhodginll@globo.com,25/05/1982,18/09/2020,
Phillipp,Lokier,3146372455,Devbug,plokierlm@cisco.com,05/05/1952,07/01/2022,08/01/2023
Quinn,Delamere,7895842312,Youspan,qdelamereln@ed.gov,11/09/1966,29/03/2020,09/01/2023
Pammy,Ferro,6227875961,Quamba,pferrolo@ucoz.ru,22/11/1984,22/04/2021,07/01/2023
Arvy,Witham,6341781771,Riffwire,awithamlp@ox.ac.uk,23/05/1989,28/09/2022,11/01/2023
Alexandro,Jorn,8916559090,Mycat,ajornlq@engadget.com,21/07/1967,11/08/2020,08/01/2023
Cull,Heymann,5341939696,Browsecat,cheymannlr@irs.gov,08/03/1960,22/01/2021,
Aura,Naisbit,7445758703,Gabspot,anaisbitls@geocities.jp,10/05/1963,29/11/2022,09/01/2023
Terri-jo,Pionter,9446299034,Voonyx,tpionterlt@bravesites.com,02/06/1989,29/11/2022,07/01/2023
Sheffie,Baigrie,9142093844,Dabtype,sbaigrielu@chicagotribune.com,19/10/1958,30/12/2022,10/01/2023
Micheil,Asel,8942320391,Bluezoom,masellv@bandcamp.com,14/09/1963,09/03/2021,07/01/2023
Allie,Cohan,9834680650,Kwinu,acohanlw@biblegateway.com,12/12/1979,17/02/2020,07/01/2023
Hamish,Di Maggio,4504721583,Devify,hdimaggiolx@seesaa.net,03/02/1985,10/07/2020,09/01/2023
Ardis,Hauger,3924839234,Eadel,ahaugerly@state.tx.us,21/03/1977,22/07/2021,
Caitlin,Yitshak,3318625575,Livefish,cyitshaklz@umn.edu,20/03/1982,10/08/2020,07/01/2023
Hildegarde,Hutchason,8671664096,Trupe,hhutchasonm0@pen.io,15/10/1981,08/07/2021,07/01/2023
Perkin,Towler,6513239806,Skynoodle,ptowlerm1@youku.com,20/07/1963,29/09/2022,
Loise,Eastlake,6764396820,Babbleopia,leastlakem2@dell.com,31/03/1982,04/06/2022,09/01/2023
Stace,Crowter,7856854062,Izio,scrowterm3@foxnews.com,27/08/1981,28/08/2020,
Artus,Beran,6525215762,Quinu,aberanm4@bloglines.com,22/04/1973,23/04/2022,10/01/2023
Daryl,Yellowlees,7069673235,Skinder,dyellowleesm5@omniture.com,21/09/1981,12/01/2021,06/01/2023
Lulita,McAne,1112598543,Kaymbo,lmcanem6@phpbb.com,16/08/1976,02/10/2022,
Erica,Brogiotti,6932196616,Gevee,ebrogiottim7@oracle.com,23/06/1962,07/09/2022,10/01/2023
Iormina,Noir,7014846338,Oyoloo,inoirm8@deliciousdays.com,26/01/1975,13/02/2022,07/01/2023
Inna,Gerkens,9572657648,Brightbean,igerkensm9@xinhuanet.com,28/02/1955,29/01/2020,06/01/2023
Wilmette,Blakden,3377693171,Zoomzone,wblakdenma@icio.us,08/11/1984,10/05/2022,09/01/2023
Siana,Shakle,6904778026,Dabjam,sshaklemb@slate.com,12/12/1981,13/05/2021,
Nanon,Downey,3802213162,Yambee,ndowneymc@exblog.jp,14/02/1961,19/10/2022,07/01/2023
Alexa,Ech,7587434274,Jatri,aechmd@t.co,04/10/1986,15/04/2021,10/01/2023
Hilary,Lambotin,9053669233,Edgeblab,hlambotinme@nyu.edu,28/07/1978,15/11/2022,06/01/2023
Gipsy,Dotson,4033290229,Shuffledrive,gdotsonmf@google.com.hk,16/06/1951,07/01/2021,08/01/2023
Bernetta,Handrick,1238364709,Wikizz,bhandrickmg@zimbio.com,23/09/1950,27/11/2022,11/01/2023
Nikos,Williams,9892413839,Jabberstorm,nwilliamsmh@mlb.com,22/02/1965,29/04/2022,09/01/2023
Alana,Fitzjohn,4381673313,Zooxo,afitzjohnmi@google.com.hk,14/07/1953,08/10/2020,09/01/2023
Pooh,Moulding,2325201058,Edgeclub,pmouldingmj@rambler.ru,12/10/1965,09/11/2021,10/01/2023
Filia,Espie,9142450792,Trudoo,fespiemk@51.la,12/05/1970,25/07/2020,10/01/2023
Candie,Sawl,4962757114,Realbridge,csawlml@xing.com,02/01/1979,13/02/2021,06/01/2023
Carlene,Zecchinelli,5368094849,Kwimbee,czecchinellimm@about.me,04/01/1981,10/05/2021,08/01/2023
Ludovico,Abrahami,4885114100,Quimm,labrahamimn@nifty.com,25/04/1972,05/09/2022,11/01/2023
Cordelia,Yokley,6756600301,Rhybox,cyokleymo@icio.us,06/06/1973,04/08/2022,11/01/2023
Clareta,Brownstein,2304857598,Devbug,cbrownsteinmp@trellian.com,19/06/1954,24/05/2020,06/01/2023
Broderick,Orton,5458259951,Fivechat,bortonmq@mac.com,24/03/1955,04/10/2020,08/01/2023
Aleece,Matitiaho,6917024239,Realblab,amatitiahomr@ted.com,07/12/1961,16/11/2020,09/01/2023
Filia,Dissman,7804017837,Chatterpoint,fdissmanms@pagesperso-orange.fr,29/07/1977,14/11/2022,06/01/2023
Herold,Blacklock,2501189456,Topiclounge,hblacklockmt@cafepress.com,10/02/1955,01/02/2020,08/01/2023
Lenard,Djekic,2849122936,LiveZ,ldjekicmu@vinaora.com,14/04/1951,31/10/2021,
Geoffry,Wordsworth,6399297776,Topicstorm,gwordsworthmv@bandcamp.com,09/10/1954,06/11/2022,
Tasia,Harrald,1764708276,Meevee,tharraldmw@example.com,18/12/1952,26/03/2022,
Carolyn,Snoad,8355824424,Zoonder,csnoadmx@ft.com,08/10/1961,28/05/2021,
Alejandro,Veregan,9626454855,Innotype,avereganmy@usnews.com,04/10/1984,20/04/2021,07/01/2023
Aldin,Yarmouth,5035397800,Jayo,ayarmouthmz@mlb.com,11/09/1967,08/08/2021,08/01/2023
Olag,Waylen,2562001801,Feedfish,owaylenn0@bigcartel.com,11/12/1972,17/01/2022,09/01/2023
Markus,Sarath,6222215827,Mybuzz,msarathn1@ftc.gov,13/08/1962,20/12/2020,11/01/2023
Layney,Moxsom,1551409413,Agivu,lmoxsomn2@cbc.ca,22/06/1956,26/04/2020,06/01/2023
Patricio,Grigorescu,8292937726,Skynoodle,pgrigorescun3@bbb.org,12/11/1983,05/04/2021,10/01/2023
Ingmar,McVicar,7121129476,Quaxo,imcvicarn4@fda.gov,16/07/1979,19/10/2020,10/01/2023
Daron,Downs,8516570843,Podcat,ddownsn5@goodreads.com,23/06/1982,24/03/2020,10/01/2023
Mortimer,Gatherer,6065764159,Rhyzio,mgatherern6@studiopress.com,26/08/1952,31/01/2021,11/01/2023
Glynis,Flatte,6613721083,Dabtype,gflatten7@japanpost.jp,28/02/1988,12/03/2020,06/01/2023
Hilary,Tomlinson,7169930035,Skiptube,htomlinsonn8@mozilla.org,09/12/1968,14/08/2021,
Rog,Heardman,6384243777,Abatz,rheardmann9@domainmarket.com,13/08/1980,30/05/2020,09/01/2023
Sanders,Janous,5391392621,Blognation,sjanousna@eepurl.com,27/09/1963,19/04/2021,09/01/2023
Rahel,Barca,2327119103,Yamia,rbarcanb@jimdo.com,24/09/1966,12/10/2022,07/01/2023
Paulie,MacMichael,7551755399,Reallinks,pmacmichaelnc@noaa.gov,01/07/1960,16/11/2021,11/01/2023
Lil,Hitzschke,6908929112,Zoonoodle,lhitzschkend@tinyurl.com,25/07/1961,09/09/2020,09/01/2023
Karoline,Heyward,2455801450,Wikizz,kheywardne@barnesandnoble.com,23/07/1958,26/03/2020,08/01/2023
Jania,Werny,9836256655,Yombu,jwernynf@ebay.com,30/11/1986,19/02/2020,10/01/2023
Tandy,Macauley,7673412004,Voonder,tmacauleyng@reuters.com,28/04/1976,20/01/2020,
Lesli,McPhillips,4154007106,Centidel,lmcphillipsnh@yolasite.com,27/09/1962,29/07/2022,09/01/2023
Roch,FitzGilbert,8113092819,Trudoo,rfitzgilbertni@icq.com,03/02/1955,16/11/2021,08/01/2023
Zachary,Gergher,8913660641,Yamia,zgerghernj@jimdo.com,10/07/1984,28/04/2020,08/01/2023
Sisely,Creech,6639024327,Babbleopia,screechnk@dailymail.co.uk,03/12/1974,11/07/2021,
Karim,Wyeth,2202270168,Eazzy,kwyethnl@marketwatch.com,06/01/1954,07/12/2020,
Dahlia,Sor,7116162885,Thoughtbridge,dsornm@stanford.edu,31/08/1962,,07/01/2023
Garwood,Mathouse,6581589172,Eire,gmathousenn@cafepress.com,18/03/1970,27/12/2020,08/01/2023
Darlene,Greatex,5953819864,Oloo,dgreatexno@weibo.com,12/03/1989,10/12/2020,09/01/2023
Moishe,Crowest,1166684598,Thoughtblab,mcrowestnp@i2i.jp,29/01/1989,,
Evey,Tibbits,3716299036,Oyoloo,etibbitsnq@sciencedirect.com,16/02/1969,29/06/2020,11/01/2023
Minna,Heinel,4624323473,Yakitri,mheinelnr@smh.com.au,23/07/1965,30/06/2022,07/01/2023
Judith,Pereira,2636499554,Edgewire,jpereirans@senate.gov,11/12/1980,31/05/2020,11/01/2023
Selinda,Waddams,2093354380,Trudeo,swaddamsnt@time.com,02/02/1958,11/01/2022,10/01/2023
Ninon,Praton,7774664686,Bluezoom,npratonnu@networksolutions.com,29/09/1979,23/05/2022,
Mar,Spellacy,9508698874,Flashdog,mspellacynv@rediff.com,26/05/1963,22/01/2021,09/01/2023
Queenie,MacPhee,5166713341,Meevee,qmacpheenw@oaic.gov.au,13/07/1978,07/05/2020,07/01/2023
Whit,Sawkins,8888278553,Livefish,wsawkinsnx@ihg.com,24/01/1967,19/08/2020,10/01/2023
Ray,Terram,8797008834,Youspan,rterramny@symantec.com,14/09/1964,06/03/2022,10/01/2023
Wilona,Piatti,6667170064,Meedoo,wpiattinz@cmu.edu,08/10/1959,28/03/2021,
Vita,Sharrock,4037381092,Brainverse,vsharrocko0@hubpages.com,15/03/1966,17/06/2022,
Averyl,Pryell,4697008120,Quaxo,apryello1@reuters.com,20/01/1969,22/02/2022,11/01/2023
Wildon,Littler,8524305195,Twimbo,wlittlero2@topsy.com,15/12/1959,20/04/2022,08/01/2023
Ulrick,Chaperlin,2688966622,Vinder,uchaperlino3@comsenz.com,18/06/1982,12/03/2021,
Trent,Guice,5803732229,Skipfire,tguiceo4@joomla.org,26/02/1982,10/10/2021,09/01/2023
Robby,Reast,3619286459,InnoZ,rreasto5@yellowbook.com,24/01/1972,21/03/2022,10/01/2023
Free,Glawsop,2124832928,Oyoloo,fglawsopo6@nytimes.com,02/02/1981,11/11/2022,10/01/2023
Esra,Grief,4641441844,Wikibox,egriefo7@cargocollective.com,31/03/1977,19/07/2022,11/01/2023
Annelise,Rodder,7385128858,Flashpoint,aroddero8@spiegel.de,23/05/1968,17/07/2021,08/01/2023
Pepi,Gainsbury,6086437860,Edgetag,pgainsburyo9@tripadvisor.com,13/08/1963,29/01/2020,06/01/2023
Davey,Slark,4379853290,Mynte,dslarkoa@cyberchimps.com,12/09/1975,11/08/2021,
Amble,Ebbens,3252835030,Feedfire,aebbensob@mac.com,05/11/1985,13/02/2020,
Dorelle,Marzella,2665654758,Katz,dmarzellaoc@friendfeed.com,25/01/1975,17/09/2021,
Natassia,Filler,6128747544,Meembee,nfillerod@squidoo.com,27/10/1977,25/11/2021,11/01/2023
Violet,Fathers,4551724742,Twinte,vfathersoe@github.io,01/09/1976,02/01/2020,10/01/2023
Danya,Kubera,3175114381,Linklinks,dkuberaof@independent.co.uk,10/10/1984,02/03/2020,10/01/2023
Dov,Ballay,3787141979,Oloo,dballayog@addtoany.com,23/10/1980,29/12/2022,
Ewart,Tranfield,4237841614,Devshare,etranfieldoh@redcross.org,30/11/1960,24/03/2022,11/01/2023
Cyndie,Cunah,3229553482,Talane,ccunahoi@myspace.com,10/05/1950,16/12/2020,07/01/2023
Griswold,Aronin,4427479772,Jabberbean,garoninoj@oakley.com,30/05/1988,08/10/2021,11/01/2023
Bernadine,Ketteringham,8093563488,Skyba,bketteringhamok@wordpress.com,22/03/1985,09/03/2020,06/01/2023
Gale,McReynolds,6294866298,Kwilith,gmcreynoldsol@redcross.org,28/04/1958,06/04/2020,07/01/2023
Blisse,Dunston,4013420573,Devbug,bdunstonom@bloomberg.com,17/09/1989,01/10/2020,10/01/2023
Virge,Roche,7728493803,Brainverse,vrocheon@ocn.ne.jp,14/05/1982,21/11/2021,
Gaultiero,MacLachlan,8811882849,Realmix,gmaclachlanoo@loc.gov,26/11/1978,26/08/2021,06/01/2023
Wit,Ales,4388457765,Vidoo,walesop@shareasale.com,22/09/1973,,07/01/2023
Teena,Antonnikov,6566171285,Quatz,tantonnikovoq@ucla.edu,25/08/1973,20/08/2020,
Thaddeus,Nasey,5148757316,Dabfeed,tnaseyor@springer.com,01/05/1972,29/03/2022,06/01/2023
Udell,Stockin,9595669964,Camimbo,ustockinos@ycombinator.com,10/06/1961,10/10/2021,
Dorthea,Fouracres,4761857307,Izio,dfouracresot@indiegogo.com,28/07/1977,31/01/2021,
Billie,Josefer,6374034845,Yamia,bjoseferou@myspace.com,25/01/1983,12/01/2020,09/01/2023
Prudence,Martschke,4998069592,Skajo,pmartschkeov@abc.net.au,10/03/1959,03/03/2021,
Rayshell,Newis,1717847420,Yacero,rnewisow@tinyurl.com,28/01/1969,05/02/2021,10/01/2023
Irwin,Pawle,2156948343,Dabshots,ipawleox@pbs.org,19/12/1962,13/06/2020,
Orland,Terzo,9659183651,Photospace,oterzooy@home.pl,16/12/1962,19/08/2020,09/01/2023
Wilhelmina,Caines,3896224811,Avamm,wcainesoz@arizona.edu,14/04/1967,21/06/2020,06/01/2023
Maybelle,Valadez,2977117615,Gigaclub,mvaladezp0@java.com,01/01/1981,13/02/2020,09/01/2023
Kathie,Hedgeley,8123554394,Zava,khedgeleyp1@multiply.com,12/06/1973,02/08/2020,
Nolly,Loxly,8228321237,Mydo,nloxlyp2@hubpages.com,20/06/1980,30/12/2020,10/01/2023
Geneva,Budik,6648074896,Wordify,gbudikp3@homestead.com,18/09/1982,13/01/2021,
Marj,McGenis,2163137587,Feedfire,mmcgenisp4@quantcast.com,18/11/1965,20/01/2022,
Claudio,Torrijos,2489867055,Dabshots,ctorrijosp5@fc2.com,22/09/1966,23/11/2021,11/01/2023
Odelinda,Murney,6793068026,Plambee,omurneyp6@1688.com,23/03/1980,31/01/2022,
Olivia,Guare,1345481858,Zoovu,oguarep7@google.cn,21/08/1978,11/06/2020,09/01/2023
Elli,Cartmael,7732921590,Avamba,ecartmaelp8@4shared.com,14/08/1955,27/10/2020,
Tressa,Hamal,2741994815,Realblab,thamalp9@google.ca,01/09/1977,09/07/2021,07/01/2023
Jarret,Matterson,2633451301,Youbridge,jmattersonpa@google.it,13/04/1959,04/04/2021,11/01/2023
Pen,Clifton,7004801836,Rhyzio,pcliftonpb@nydailynews.com,27/11/1970,03/10/2020,07/01/2023
Torre,Ricci,4739247959,Demimbu,triccipc@histats.com,06/05/1953,13/02/2021,11/01/2023
Gerri,Andriulis,4516011905,Oyoba,gandriulispd@springer.com,08/05/1963,08/04/2021,
Madalyn,Klesel,1659108079,Blogpad,mkleselpe@prlog.org,15/08/1965,20/05/2022,07/01/2023
Shay,Rodliff,4149915457,Centizu,srodliffpf@techcrunch.com,19/11/1984,13/11/2022,
Simone,Chettle,4817899986,Thoughtstorm,schettlepg@ed.gov,16/06/1963,01/08/2021,
Keene,Terney,9626218140,Trupe,kterneyph@dot.gov,21/04/1955,12/09/2021,06/01/2023
Zelig,McKain,2773387101,Yotz,zmckainpi@sbwire.com,12/12/1977,07/07/2020,
Chandal,Ringsell,3425915256,Zoomlounge,cringsellpj@earthlink.net,01/03/1977,03/10/2021,11/01/2023
Sammie,Madle,8285682868,Jaxspan,smadlepk@canalblog.com,21/07/1954,09/06/2020,09/01/2023
Nicola,Betteson,4303569100,Katz,nbettesonpl@engadget.com,31/01/1979,,06/01/2023
Allissa,Bohling,6155044332,Babbleblab,abohlingpm@cnn.com,31/03/1958,07/03/2021,09/01/2023
Skye,Grannell,8205804572,Snaptags,sgrannellpn@ning.com,07/05/1987,19/02/2020,06/01/2023
Ray,Tilsley,3067032232,Eidel,rtilsleypo@blogtalkradio.com,29/01/1958,20/04/2020,09/01/2023
Saul,Highnam,5391296197,Browsetype,shighnampp@theguardian.com,05/07/1963,23/04/2022,09/01/2023
Cristin,Fyfield,1717016014,Livepath,cfyfieldpq@cloudflare.com,06/08/1981,10/01/2021,08/01/2023
Malvin,Gillbe,1063901372,Feedmix,mgillbepr@tmall.com,17/07/1976,23/11/2022,
Rosabella,Chillcot,2126944212,Meeveo,rchillcotps@comsenz.com,16/10/1988,19/11/2020,
Lorry,Buckeridge,9746324811,Meevee,lbuckeridgept@amazon.co.jp,13/08/1965,29/01/2022,09/01/2023
Devy,Aberdein,8981722194,Reallinks,daberdeinpu@shareasale.com,28/06/1977,29/03/2022,06/01/2023
Mallory,Powton,2336141498,Browsetype,mpowtonpv@squarespace.com,25/01/1963,14/02/2020,10/01/2023
Jillie,McKay,3072653364,JumpXS,jmckaypw@123-reg.co.uk,15/10/1975,26/11/2021,06/01/2023
Reggie,Moat,4034680812,Wikibox,rmoatpx@qq.com,10/04/1967,13/08/2022,08/01/2023
Powell,Rozier,6053293570,Livetube,prozierpy@discuz.net,24/09/1977,27/03/2021,09/01/2023
Karrie,Ladd,6946421331,Aimbo,kladdpz@oracle.com,23/10/1971,29/12/2021,10/01/2023
Darren,Lethbury,9637660881,Voonyx,dlethburyq0@wix.com,29/03/1959,06/02/2020,09/01/2023
Lucho,Drummond,1562079152,Livetube,ldrummondq1@ebay.com,19/07/1954,19/10/2022,11/01/2023
Pammie,Dy,3502721527,JumpXS,pdyq2@usgs.gov,02/01/1971,15/02/2022,08/01/2023
Waylen,Brandham,5814079191,Zoomdog,wbrandhamq3@yelp.com,03/03/1964,01/05/2021,08/01/2023
Claribel,Darnborough,6486343174,Yata,cdarnboroughq4@utexas.edu,14/03/1978,18/02/2020,07/01/2023
Marys,Rundle,7163422546,Thoughtbridge,mrundleq5@trellian.com,25/04/1960,03/03/2020,11/01/2023
Mickie,Kerswill,2633610366,Feedmix,mkerswillq6@apple.com,30/06/1972,20/02/2022,06/01/2023
Spencer,O'Kennedy,5759498716,Jaxworks,sokennedyq7@hc360.com,12/11/1952,17/04/2021,
Bianka,Lescop,8851952655,Skalith,blescopq8@twitter.com,19/04/1951,19/03/2021,11/01/2023
Lorette,Bartolacci,9392757132,Zoombox,lbartolacciq9@flavors.me,02/04/1951,05/02/2020,10/01/2023
Sinclare,Cuddehay,1406242008,Skinte,scuddehayqa@yandex.ru,08/07/1957,28/08/2020,07/01/2023
Theressa,Tolworth,3557833478,Oyoba,ttolworthqb@unc.edu,23/08/1969,25/03/2022,10/01/2023
Drusilla,Beteriss,8104042946,Mycat,dbeterissqc@whitehouse.gov,20/02/1971,28/03/2020,07/01/2023
Karena,Aplin,4872800873,Shuffletag,kaplinqd@macromedia.com,15/02/1952,16/02/2021,07/01/2023
Ilysa,Fitchet,8272750372,Buzzbean,ifitchetqe@senate.gov,27/03/1964,,
Meyer,Westnedge,8563254231,Yodo,mwestnedgeqf@google.es,30/10/1984,12/03/2021,08/01/2023
Hansiain,de Courcy,6876457071,Mynte,hdecourcyqg@unicef.org,14/04/1961,14/10/2021,08/01/2023
Lynnelle,Aslum,3672697414,Tagcat,laslumqh@slideshare.net,27/11/1958,22/01/2022,10/01/2023
Yvonne,Ingilson,6069776080,Rhycero,yingilsonqi@biglobe.ne.jp,20/12/1954,27/11/2021,
Terry,Rosterne,9193628062,Kanoodle,trosterneqj@cocolog-nifty.com,13/02/1973,11/04/2022,11/01/2023
Calida,Cowle,5116340211,Kwinu,ccowleqk@webnode.com,27/08/1966,03/06/2020,
Thomasine,Veeler,3949349687,Abatz,tveelerql@taobao.com,25/06/1980,22/07/2021,06/01/2023
Marilin,Sivell,2647976616,Gigazoom,msivellqm@lycos.com,18/03/1966,,08/01/2023
Eolande,Metherell,8316333631,Brightdog,emetherellqn@ustream.tv,23/03/1977,23/05/2022,09/01/2023
Pincus,MacNally,3243695400,Rhynyx,pmacnallyqo@wiley.com,05/12/1953,,
Silvio,Boule,4966357288,Kare,sbouleqp@com.com,01/03/1987,26/07/2020,10/01/2023
Crichton,Linton,3076194996,Realmix,clintonqq@theatlantic.com,28/02/1975,03/11/2021,10/01/2023
Tiphani,Wigmore,7078547415,Skalith,twigmoreqr@soup.io,20/01/1953,14/07/2022,
Sunny,Elgar,1885756692,Mynte,selgarqs@huffingtonpost.com,21/08/1957,15/04/2021,10/01/2023
Panchito,Enns,4142141407,Skimia,pennsqt@gnu.org,25/05/1971,12/08/2021,08/01/2023
Evin,Lickorish,9903054287,Browsetype,elickorishqu@phpbb.com,28/08/1950,,09/01/2023
Antonie,Fanthom,3045868946,Skyndu,afanthomqv@wikipedia.org,31/01/1968,06/07/2022,06/01/2023
Dalli,Levermore,3925658091,Mybuzz,dlevermoreqw@utexas.edu,02/12/1962,08/07/2021,07/01/2023
Ario,Skrine,6578063183,Riffwire,askrineqx@geocities.com,14/04/1976,21/10/2020,
Abigail,Bockh,8989716370,Voolith,abockhqy@senate.gov,27/07/1964,06/11/2021,06/01/2023
Katuscha,Spata,5746359835,Dynabox,kspataqz@fastcompany.com,23/04/1984,16/09/2020,
Pail,Moran,2595509148,Vitz,pmoranr0@discovery.com,18/08/1978,,07/01/2023
Sauncho,Bloor,3962212693,Vidoo,sbloorr1@hc360.com,19/01/1982,31/01/2022,08/01/2023
Harley,Trevorrow,5725274167,Yata,htrevorrowr2@aboutads.info,10/02/1981,05/06/2022,06/01/2023
Alaine,Fraulo,9216995056,Meembee,afraulor3@cbc.ca,28/03/1950,26/09/2020,07/01/2023
Pincas,Bettaney,6987152972,Latz,pbettaneyr4@networkadvertising.org,03/09/1963,19/03/2020,09/01/2023
Cal,Giraldez,8622290171,Fiveclub,cgiraldezr5@reddit.com,30/05/1965,14/09/2022,
Gar,Clowes,5322231564,LiveZ,gclowesr6@intel.com,22/12/1956,02/11/2020,10/01/2023
Skipper,Remon,4192939665,Mydeo,sremonr7@toplist.cz,19/10/1964,21/08/2021,06/01/2023
Fidelity,Andrichak,2017458917,Photojam,fandrichakr8@discuz.net,05/02/1952,06/11/2020,07/01/2023
Chrissy,Cobelli,6091801308,Edgeblab,ccobellir9@wunderground.com,23/11/1955,06/05/2020,06/01/2023
Clara,Grimley,3466516951,Yambee,cgrimleyra@infoseek.co.jp,22/07/1967,30/08/2021,09/01/2023
Tim,Anfosso,4342002661,Ooba,tanfossorb@clickbank.net,05/04/1978,,11/01/2023
Kaycee,Sargeaunt,6195001604,Devshare,ksargeauntrc@miitbeian.gov.cn,06/11/1970,22/09/2020,
Everard,Folkard,3786142840,Eire,efolkardrd@github.com,21/10/1956,19/04/2020,10/01/2023
Cynde,Bedburrow,5913078068,Dynabox,cbedburrowre@fema.gov,02/06/1967,25/05/2021,07/01/2023
Cymbre,Horsey,9308366089,Twiyo,chorseyrf@google.com.br,28/10/1974,20/09/2021,11/01/2023
Wynnie,Roebuck,3071222179,Omba,wroebuckrg@tamu.edu,09/07/1959,01/09/2020,
Beatrisa,Parfitt,5633751576,Blogtag,bparfittrh@youku.com,19/10/1951,14/06/2021,
Kimmy,Luigi,1309781346,Voomm,kluigiri@google.fr,13/05/1976,02/02/2020,
Griff,Eassom,4314156916,Realpoint,geassomrj@businesswire.com,12/01/1971,29/05/2020,08/01/2023
Meridel,Darrell,2173991234,Kare,mdarrellrk@stumbleupon.com,20/07/1959,27/10/2020,
Francisca,Wardhaw,2372641289,Meevee,fwardhawrl@joomla.org,04/03/1974,06/08/2021,07/01/2023
Daniella,Hukin,1603020587,Wordpedia,dhukinrm@booking.com,28/03/1976,03/05/2020,
Harvey,Plowell,6853317268,Yacero,hplowellrn@163.com,11/07/1960,20/10/2020,
Gwenni,Baly,9742173989,Blognation,gbalyro@nps.gov,21/10/1957,24/10/2021,08/01/2023
Jaime,Fossett,4193582163,Livefish,jfossettrp@gnu.org,27/09/1979,04/10/2022,
Asher,Waskett,9809033215,Twitternation,awaskettrq@ox.ac.uk,07/09/1955,30/08/2020,08/01/2023
Nikki,Alliston,2563591308,Meejo,nallistonrr@imgur.com,30/05/1974,09/05/2020,
Jodi,Sapp,398769876,Big Company,jsapp@big.com,01/11/1990,03/05/2023,26/12/2051
